alpha,capacity,decision_horizon,washout_horizon,evaluation_horizon,dynamic_profit,myopic_profit,vdo,vdo_percent,dynamic_promotion_count,myopic_promotion_count,dynamic_binding_weeks,myopic_binding_weeks,dynamic_active_set,myopic_active_set,dynamic_schedule_signature,myopic_schedule_signature,best_second_gap,minimum_chosen_support,median_chosen_support,minimum_chosen_panels,maximum_terminal_state_dynamic,maximum_terminal_state_myopic,action_disagreements,status_disagreements,depth_disagreements,disagreement_rate,timing_shift_products,same_action_multiset_products,dynamic_active_products,myopic_active_products,active_set_equal,economic_profile_mode,dynamic_schedule_signature_previous,myopic_schedule_signature_previous,dynamic_active_set_previous,myopic_active_set_previous,dynamic_schedule_change,myopic_schedule_change,dynamic_active_set_change,myopic_active_set_change,any_policy_boundary,relative_best_second_gap
1.4,1,12,12,24,3302.580211445339,3298.8965702730966,3.68364117224246,0.11166282706273245,0,4,0,4,,3800000110,f3eb7b0be14f7709,42e76e9c79c43d55,0.5735545465395262,,,,0.0,0.013526449437718196,4,4,0,0.041666666666666664,0,7,0,1,False,weekly_predicted_demand_fixed_product_price_cost,,,,,False,False,False,False,False,0.00017366861963013947
1.45,1,12,12,24,3302.580211445339,3299.894648763419,2.685562681920146,0.08138328546114393,0,4,0,4,,3800000110,f3eb7b0be14f7709,42e76e9c79c43d55,0.4687724536361202,,,,0.0,0.013526449437718196,4,4,0,0.041666666666666664,0,7,0,1,False,weekly_predicted_demand_fixed_product_price_cost,f3eb7b0be14f7709,42e76e9c79c43d55,,3800000110,False,False,False,False,False,0.0001419412773114652
1.5,1,12,12,24,3302.580211445339,3300.892727253741,1.6874841915978323,0.05112205488124954,0,4,0,4,,3800000110,f3eb7b0be14f7709,42e76e9c79c43d55,0.2832773114810152,,,,0.0,0.013526449437718196,4,4,0,0.041666666666666664,0,7,0,1,False,weekly_predicted_demand_fixed_product_price_cost,f3eb7b0be14f7709,42e76e9c79c43d55,,3800000110,False,False,False,False,False,8.577454394575989e-05
1.55,1,12,12,24,3302.580211445339,3301.8908057440635,0.6894057012755184,0.020879118718166226,0,4,0,4,,3800000110,f3eb7b0be14f7709,42e76e9c79c43d55,0.05380836776930664,,,,0.0,0.013526449437718196,4,4,0,0.041666666666666664,0,7,0,1,False,weekly_predicted_demand_fixed_product_price_cost,f3eb7b0be14f7709,42e76e9c79c43d55,,3800000110,False,False,False,False,False,1.6292826918428723e-05
1.6,1,12,12,24,3303.280474676416,3302.888884234386,0.3915904420300649,0.011855998059736002,4,4,4,4,3800000110,3800000110,ff1473f1073f8fda,42e76e9c79c43d55,0.0028170733912702417,34.0,34.0,12.0,0.014448856725249693,0.013526449437718196,8,8,0,0.08333333333333333,1,8,1,1,True,weekly_predicted_demand_fixed_product_price_cost,f3eb7b0be14f7709,42e76e9c79c43d55,,3800000110,True,False,True,False,True,8.528108384578508e-07
1.65,1,12,12,24,3304.436139577557,3301.9634886555996,2.472650921957211,0.07488425993965049,7,8,7,8,3800000110|3800000120,3800000110|3800000120,9ef482c288a3fa5e,065bbdaadc1a48e4,0.18353844131706865,34.0,34.0,12.0,0.014297545058477974,0.013526449437718196,12,11,1,0.125,1,7,2,2,True,weekly_predicted_demand_fixed_product_price_cost,ff1473f1073f8fda,42e76e9c79c43d55,3800000110,3800000110,True,True,True,True,True,5.554304382487853e-05
1.7,1,12,12,24,3318.727148739996,3318.021212413846,0.7059363261500948,0.02127582317765019,8,8,8,8,3800000110|3800000120,3800000110|3800000120,193aece090c2cd66,31d6a143a361d336,0.039931907907430286,34.0,35.0,12.0,0.015153702460347458,0.014448856151103733,16,16,0,0.16666666666666666,2,8,2,2,True,weekly_predicted_demand_fixed_product_price_cost,9ef482c288a3fa5e,065bbdaadc1a48e4,3800000110|3800000120,3800000110|3800000120,True,True,False,False,True,1.2032296153840495e-05
1.75,1,12,12,24,3335.2030813624583,3334.0100192475343,1.1930621149240324,0.03578459896750098,8,8,8,8,3800000110|3800000120,3800000110|3800000120,193aece090c2cd66,31d6a143a361d336,0.002334369755772059,34.0,35.0,12.0,0.015153702460347458,0.014448856151103733,16,16,0,0.16666666666666666,2,8,2,2,True,weekly_predicted_demand_fixed_product_price_cost,193aece090c2cd66,31d6a143a361d336,3800000110|3800000120,3800000110|3800000120,False,False,False,False,False,6.999183254587452e-07
1.8,1,12,12,24,3351.714277153316,3349.9988260812224,1.7154510720934013,0.05120751263367187,8,8,8,8,3800000110|3800000120,3800000110|3800000120,fc8a35a5ede2e99f,31d6a143a361d336,0.035263168394976674,34.0,35.0,12.0,0.015305014127119177,0.014448856151103733,12,12,0,0.125,2,8,2,2,True,weekly_predicted_demand_fixed_product_price_cost,193aece090c2cd66,31d6a143a361d336,3800000110|3800000120,3800000110|3800000120,True,False,False,False,True,1.0520935103372372e-05
1.85,1,12,12,24,3368.227807313929,3350.633483082193,17.59432423173621,0.5251044114664394,8,12,8,12,3800000110|3800000120,1600066510|3800000110|3800000120,fc8a35a5ede2e99f,3aa17b2ad5f4d4a9,0.0728607065466349,34.0,35.0,12.0,0.015305014127119177,0.025248477006211148,16,16,0,0.16666666666666666,2,7,2,3,False,weekly_predicted_demand_fixed_product_price_cost,fc8a35a5ede2e99f,31d6a143a361d336,3800000110|3800000120,3800000110|3800000120,False,True,False,True,True,2.16317632638807e-05
1.9,1,12,12,24,3384.7413374745424,3380.3272818140636,4.41405566047888,0.13058071874360233,8,12,8,12,3800000110|3800000120,1600066510|3800000110|3800000120,fc8a35a5ede2e99f,9e35470d1483fe45,0.11045824469783838,34.0,35.0,12.0,0.015305014127119177,0.02345055820396392,12,12,0,0.125,2,7,2,3,False,weekly_predicted_demand_fixed_product_price_cost,fc8a35a5ede2e99f,3aa17b2ad5f4d4a9,3800000110|3800000120,1600066510|3800000110|3800000120,False,True,False,False,True,3.26341760520627e-05
1.95,1,12,12,24,3411.875996748304,3410.6782715126687,1.1977252356350618,0.03511692221570518,11,12,11,12,1600066510|3800000110|3800000120,1600066510|3800000110|3800000120,38a5e43ee04f0c03,9e35470d1483fe45,0.06927992458076915,34.0,36.0,12.0,0.024977340860717148,0.02345055820396392,19,19,0,0.19791666666666666,2,7,3,3,True,weekly_predicted_demand_fixed_product_price_cost,fc8a35a5ede2e99f,9e35470d1483fe45,3800000110|3800000120,1600066510|3800000110|3800000120,True,False,True,False,True,2.030552243012247e-05
2.0,1,12,12,24,3442.2115696619157,3441.0292612112744,1.182308450641358,0.034359151314661426,11,12,11,12,1600066510|3800000110|3800000120,1600066510|3800000110|3800000120,38a5e43ee04f0c03,9e35470d1483fe45,0.08105690598313231,34.0,36.0,12.0,0.024977340860717148,0.02345055820396392,19,19,0,0.19791666666666666,2,7,3,3,True,weekly_predicted_demand_fixed_product_price_cost,38a5e43ee04f0c03,9e35470d1483fe45,1600066510|3800000110|3800000120,1600066510|3800000110|3800000120,False,False,False,False,False,2.3547915153598037e-05
2.05,1,12,12,24,3472.5471425755277,3471.380250909879,1.1668916656485635,0.03361463110653784,11,12,11,12,1600066510|3800000110|3800000120,1600066510|3800000110|3800000120,38a5e43ee04f0c03,9e35470d1483fe45,0.09283388738595022,34.0,36.0,12.0,0.024977340860717148,0.02345055820396392,19,19,0,0.19791666666666666,2,7,3,3,True,weekly_predicted_demand_fixed_product_price_cost,38a5e43ee04f0c03,9e35470d1483fe45,1600066510|3800000110|3800000120,1600066510|3800000110|3800000120,False,False,False,False,False,2.6733657909996562e-05
2.1,1,12,12,24,3502.8827154891396,3501.7312406084848,1.1514748806548596,0.03288301704315753,11,12,11,12,1600066510|3800000110|3800000120,1600066510|3800000110|3800000120,38a5e43ee04f0c03,9e35470d1483fe45,0.10461086878876813,34.0,36.0,12.0,0.024977340860717148,0.02345055820396392,19,19,0,0.19791666666666666,2,7,3,3,True,weekly_predicted_demand_fixed_product_price_cost,38a5e43ee04f0c03,9e35470d1483fe45,1600066510|3800000110|3800000120,1600066510|3800000110|3800000120,False,False,False,False,False,2.986422249486031e-05
2.15,1,12,12,24,3533.2182884027516,3532.08223030709,1.1360580956616104,0.03216397641916842,11,12,11,12,1600066510|3800000110|3800000120,1600066510|3800000110|3800000120,38a5e43ee04f0c03,9e35470d1483fe45,0.11638785019113129,34.0,36.0,12.0,0.024977340860717148,0.02345055820396392,19,19,0,0.19791666666666666,2,7,3,3,True,weekly_predicted_demand_fixed_product_price_cost,38a5e43ee04f0c03,9e35470d1483fe45,1600066510|3800000110|3800000120,1600066510|3800000110|3800000120,False,False,False,False,False,3.2941030157450676e-05
2.2,1,12,12,24,3563.5538613163635,3562.433220005695,1.1206413106683613,0.03145718786741411,11,12,11,12,1600066510|3800000110|3800000120,1600066510|3800000110|3800000120,38a5e43ee04f0c03,9e35470d1483fe45,0.1281648315939492,34.0,36.0,12.0,0.024977340860717148,0.02345055820396392,19,19,0,0.19791666666666666,2,7,3,3,True,weekly_predicted_demand_fixed_product_price_cost,38a5e43ee04f0c03,9e35470d1483fe45,1600066510|3800000110|3800000120,1600066510|3800000110|3800000120,False,False,False,False,False,3.596545375256531e-05
2.24,1,12,12,24,3588.946864529944,3582.4256426838083,6.5212218461356315,0.1820336971809468,12,12,12,12,1600066510|3800000110|3800000120|3800000127,1600066510|3800000110|3800000120|3800000127,0d3d6f33221a3265,e744b0494e50348d,0.22788518655943335,30.0,36.0,12.0,0.024977340860717148,0.02345055820396392,18,18,0,0.1875,2,6,4,4,True,weekly_predicted_demand_fixed_product_price_cost,38a5e43ee04f0c03,9e35470d1483fe45,1600066510|3800000110|3800000120,1600066510|3800000110|3800000120,True,True,True,True,True,6.349639466988326e-05
2.25,1,12,12,24,3595.328312575739,3587.7406419428808,7.587670632858135,0.21148882793125087,12,12,12,12,1600066510|3800000110|3800000120|3800000127,1600066510|3800000120|3800000127,0d3d6f33221a3265,e58d5814db899666,0.2167792273980922,30.0,36.0,12.0,0.024977340860717148,0.02345055820396392,18,18,0,0.1875,2,6,4,3,False,weekly_predicted_demand_fixed_product_price_cost,0d3d6f33221a3265,e744b0494e50348d,1600066510|3800000110|3800000120|3800000127,1600066510|3800000110|3800000120|3800000127,False,True,False,True,True,6.029469593634657e-05
2.3,1,12,12,24,3627.9244840297356,3624.145211099058,3.7792729306775072,0.10428039470116611,12,12,12,12,1600066510|3800000110|3800000120|3800000127,1600066510|3800000120|3800000127,1f8e8461faef9cce,e58d5814db899666,0.11579233668226152,30.0,36.0,12.0,0.024977340860717148,0.02345055820396392,18,18,0,0.1875,2,6,4,3,False,weekly_predicted_demand_fixed_product_price_cost,0d3d6f33221a3265,e58d5814db899666,1600066510|3800000110|3800000120|3800000127,1600066510|3800000120|3800000127,True,False,False,False,True,3.191696442193984e-05
2.35,1,12,12,24,3663.0304532834175,3660.5497802552354,2.480673028182082,0.0677677719768399,12,12,12,12,1600066510|3800000110|3800000120|3800000127,1600066510|3800000120|3800000127,1f8e8461faef9cce,e58d5814db899666,0.19343348217125822,30.0,36.0,12.0,0.024977340860717148,0.02345055820396392,18,18,0,0.1875,2,6,4,3,False,weekly_predicted_demand_fixed_product_price_cost,1f8e8461faef9cce,e58d5814db899666,1600066510|3800000110|3800000120|3800000127,1600066510|3800000120|3800000127,False,False,False,False,False,5.2806954416082166e-05
2.4,1,12,12,24,3698.1364225370985,3696.954349411413,1.1820731256852923,0.03197424187489598,12,12,12,12,1600066510|3800000110|3800000120|3800000127,1600066510|3800000120|3800000127,1f8e8461faef9cce,e58d5814db899666,0.15790981404506965,30.0,36.0,12.0,0.024977340860717148,0.02345055820396392,18,18,0,0.1875,2,6,4,3,False,weekly_predicted_demand_fixed_product_price_cost,1f8e8461faef9cce,e58d5814db899666,1600066510|3800000110|3800000120|3800000127,1600066510|3800000120|3800000127,False,False,False,False,False,4.269983472830782e-05
2.45,1,12,12,24,3733.358932849265,3733.3589185675905,1.4281674339144956e-05,3.82542226736253e-07,12,12,12,12,1600066510|3800000120|3800000127,1600066510|3800000120|3800000127,e58d5814db899666,e58d5814db899666,0.11654105848492691,30.0,36.0,15.0,0.02345055820396392,0.02345055820396392,0,0,0,0.0,0,8,3,3,True,weekly_predicted_demand_fixed_product_price_cost,1f8e8461faef9cce,e58d5814db899666,1600066510|3800000110|3800000120|3800000127,1600066510|3800000120|3800000127,True,False,True,False,True,3.121614090182962e-05
2.5,1,12,12,24,3769.763502921914,3769.763487723768,1.5198146229522536e-05,4.0315914457273746e-07,12,12,12,12,1600066510|3800000120|3800000127,1600066510|3800000120|3800000127,e58d5814db899666,e58d5814db899666,1.4151418774526974,30.0,36.0,15.0,0.02345055820396392,0.02345055820396392,0,0,0,0.0,0,8,3,3,True,weekly_predicted_demand_fixed_product_price_cost,e58d5814db899666,e58d5814db899666,1600066510|3800000120|3800000127,1600066510|3800000120|3800000127,False,False,False,False,False,0.0003753927471460297
2.55,1,12,12,24,3806.1680729945633,3806.168056879945,1.6114618119900115e-05,4.2338167624447606e-07,12,12,12,12,1600066510|3800000120|3800000127,1600066510|3800000120|3800000127,e58d5814db899666,e58d5814db899666,2.2925095768032406,30.0,36.0,15.0,0.02345055820396392,0.02345055820396392,0,0,0,0.0,0,8,3,3,True,weekly_predicted_demand_fixed_product_price_cost,e58d5814db899666,e58d5814db899666,1600066510|3800000120|3800000127,1600066510|3800000120|3800000127,False,False,False,False,False,0.0006023143310640962
2.6,1,12,12,24,3842.5726430672125,3842.5726260361225,1.7031090010277694e-05,4.4322103100615777e-07,12,12,12,12,1600066510|3800000120|3800000127,1600066510|3800000120|3800000127,e58d5814db899666,e58d5814db899666,2.2216550852699584,30.0,36.0,15.0,0.02345055820396392,0.02345055820396392,0,0,0,0.0,0,8,3,3,True,weekly_predicted_demand_fixed_product_price_cost,e58d5814db899666,e58d5814db899666,1600066510|3800000120|3800000127,1600066510|3800000120|3800000127,False,False,False,False,False,0.0005781686624137813
2.65,1,12,12,24,3878.9772131398618,3878.9771951923,1.7947561900655273e-05,4.626879973127948e-07,12,12,12,12,1600066510|3800000120|3800000127,1600066510|3800000120|3800000127,e58d5814db899666,e58d5814db899666,2.1508005937357666,30.0,36.0,15.0,0.02345055820396392,0.02345055820396392,0,0,0,0.0,0,8,3,3,True,weekly_predicted_demand_fixed_product_price_cost,e58d5814db899666,e58d5814db899666,1600066510|3800000120|3800000127,1600066510|3800000120|3800000127,False,False,False,False,False,0.00055447621255676
2.7,1,12,12,24,3915.3817832125114,3915.3817643484776,1.8864033791032853e-05,4.8179296238235e-07,12,12,12,12,1600066510|3800000120|3800000127,1600066510|3800000120|3800000127,e58d5814db899666,e58d5814db899666,2.0799461022024843,30.0,36.0,15.0,0.02345055820396392,0.02345055820396392,0,0,0,0.0,0,8,3,3,True,weekly_predicted_demand_fixed_product_price_cost,e58d5814db899666,e58d5814db899666,1600066510|3800000120|3800000127,1600066510|3800000120|3800000127,False,False,False,False,False,0.0005312243396341084
2.75,1,12,12,24,3951.7863532851607,3951.786333504655,1.9780505681410432e-05,5.005459306770775e-07,12,12,12,12,1600066510|3800000120|3800000127,1600066510|3800000120|3800000127,e58d5814db899666,e58d5814db899666,2.0090916106682926,30.0,36.0,15.0,0.02345055820396392,0.02345055820396392,0,0,0,0.0,0,8,3,3,True,weekly_predicted_demand_fixed_product_price_cost,e58d5814db899666,e58d5814db899666,1600066510|3800000120|3800000127,1600066510|3800000120|3800000127,False,False,False,False,False,0.0005084008676223384
2.8,1,12,12,24,3988.19092335781,3988.190902660832,2.0696978026535362e-05,5.189565527750138e-07,12,12,12,12,1600066510|3800000120|3800000127,1600066510|3800000120|3800000127,e58d5814db899666,e58d5814db899666,1.9382371191350103,30.0,36.0,15.0,0.02345055820396392,0.02345055820396392,0,0,0,0.0,0,8,3,3,True,weekly_predicted_demand_fixed_product_price_cost,e58d5814db899666,e58d5814db899666,1600066510|3800000120|3800000127,1600066510|3800000120|3800000127,False,False,False,False,False,0.0004859940650742805
2.85,1,12,12,24,4024.5954934304596,4024.5954718170096,2.161344991691294e-05,5.370340961784907e-07,12,12,12,12,1600066510|3800000120|3800000127,1600066510|3800000120|3800000127,e58d5814db899666,e58d5814db899666,1.8673826276012733,30.0,36.0,15.0,0.02345055820396392,0.02345055820396392,0,0,0,0.0,0,8,3,3,True,weekly_predicted_demand_fixed_product_price_cost,e58d5814db899666,e58d5814db899666,1600066510|3800000120|3800000127,1600066510|3800000120|3800000127,False,False,False,False,False,0.00046399262501026293
2.9,1,12,12,24,4061.0000635031083,4061.000040973187,2.252992135254317e-05,5.547875184739976e-07,12,12,12,12,1600066510|3800000120|3800000127,1600066510|3800000120|3800000127,e58d5814db899666,e58d5814db899666,1.7965281360675363,30.0,36.0,15.0,0.02345055820396392,0.02345055820396392,0,0,0,0.0,0,8,3,3,True,weekly_predicted_demand_fixed_product_price_cost,e58d5814db899666,e58d5814db899666,1600066510|3800000120|3800000127,1600066510|3800000120|3800000127,False,False,False,False,False,0.0004423856458937879
2.95,1,12,12,24,4097.4046335757575,4097.404610129364,2.344639324292075e-05,5.722254810998637e-07,12,12,12,12,1600066510|3800000120|3800000127,1600066510|3800000120|3800000127,e58d5814db899666,e58d5814db899666,0.8524445847151583,30.0,36.0,15.0,0.02345055820396392,0.02345055820396392,0,0,0,0.0,0,8,3,3,True,weekly_predicted_demand_fixed_product_price_cost,e58d5814db899666,e58d5814db899666,1600066510|3800000120|3800000127,1600066510|3800000120|3800000127,False,False,False,False,False,0.00020804500920653272
3.0,1,12,12,24,4134.081485976146,4133.809179285542,0.2723066906037275,0.006587306738014235,12,12,12,12,1600066510|1600066590|3800000120|3800000127,1600066510|3800000120|3800000127,a1011ccc84f69f45,e58d5814db899666,0.2722823277390489,30.0,36.0,15.0,0.024977340860717148,0.02345055820396392,18,18,0,0.1875,2,6,4,3,False,weekly_predicted_demand_fixed_product_price_cost,e58d5814db899666,e58d5814db899666,1600066510|3800000120|3800000127,1600066510|3800000120|3800000127,True,False,True,False,True,6.586283523019557e-05
3.05,1,12,12,24,4171.610782961249,4168.816057774822,2.7947251864270584,0.06703882223862838,12,12,12,12,1600066510|1600066590|3800000120|3800000127,1600066510|1600066590|3800000120|3800000127,a1011ccc84f69f45,663f4369ff8db4bf,0.778344179443593,30.0,36.0,15.0,0.024977340860717148,0.02345055820396392,18,18,0,0.1875,4,8,4,4,True,weekly_predicted_demand_fixed_product_price_cost,a1011ccc84f69f45,e58d5814db899666,1600066510|1600066590|3800000120|3800000127,1600066510|3800000120|3800000127,False,True,False,True,True,0.00018658120806061383
3.1,1,12,12,24,4209.140079946353,4206.499189880653,2.6408900656997503,0.06278118564845553,12,12,12,12,1600066510|1600066590|3800000120|3800000127,1600066510|1600066590|3800000120|3800000127,a1011ccc84f69f45,663f4369ff8db4bf,0.8923635584469594,30.0,36.0,15.0,0.024977340860717148,0.02345055820396392,18,18,0,0.1875,4,8,4,4,True,weekly_predicted_demand_fixed_product_price_cost,a1011ccc84f69f45,663f4369ff8db4bf,1600066510|1600066590|3800000120|3800000127,1600066510|1600066590|3800000120|3800000127,False,False,False,False,False,0.0002120061441286917
3.15,1,12,12,24,4246.669376931455,4244.182321986483,2.487054944972442,0.058599154237284984,12,12,12,12,1600066510|1600066590|3800000120|3800000127,1600066510|1600066590|3800000120|3800000127,a1011ccc84f69f45,663f4369ff8db4bf,1.0063829374503257,30.0,36.0,15.0,0.024977340860717148,0.02345055820396392,18,18,0,0.1875,4,8,4,4,True,weekly_predicted_demand_fixed_product_price_cost,a1011ccc84f69f45,663f4369ff8db4bf,1600066510|1600066590|3800000120|3800000127,1600066510|1600066590|3800000120|3800000127,False,False,False,False,False,0.00023698170215867255
3.2,1,12,12,24,4284.198673916559,4280.760108390077,3.4385655264813977,0.08032605050075056,12,12,12,12,1600066510|1600066590|3800000120|3800000127,1600066510|1600066590|3800000120|3800000127,a1011ccc84f69f45,d6f32bafec0feeee,1.120402316453692,30.0,36.0,15.0,0.024977340860717148,0.02345055820396392,18,18,0,0.1875,2,6,4,4,True,weekly_predicted_demand_fixed_product_price_cost,a1011ccc84f69f45,663f4369ff8db4bf,1600066510|1600066590|3800000120|3800000127,1600066510|1600066590|3800000120|3800000127,False,True,False,False,True,0.00026151969171621885
1.4,2,12,12,24,3302.580211445339,3298.8965702730966,3.68364117224246,0.11166282706273245,0,4,0,0,,3800000110,f3eb7b0be14f7709,42e76e9c79c43d55,0.5735545465395262,,,,0.0,0.013526449437718196,4,4,0,0.041666666666666664,0,7,0,1,False,weekly_predicted_demand_fixed_product_price_cost,,,,,False,False,False,False,False,0.00017366861963013947
1.45,2,12,12,24,3302.580211445339,3299.894648763419,2.685562681920146,0.08138328546114393,0,4,0,0,,3800000110,f3eb7b0be14f7709,42e76e9c79c43d55,0.4687724536361202,,,,0.0,0.013526449437718196,4,4,0,0.041666666666666664,0,7,0,1,False,weekly_predicted_demand_fixed_product_price_cost,f3eb7b0be14f7709,42e76e9c79c43d55,,3800000110,False,False,False,False,False,0.0001419412773114652
1.5,2,12,12,24,3302.580211445339,3300.892727253741,1.6874841915978323,0.05112205488124954,0,4,0,0,,3800000110,f3eb7b0be14f7709,42e76e9c79c43d55,0.2832773114810152,,,,0.0,0.013526449437718196,4,4,0,0.041666666666666664,0,7,0,1,False,weekly_predicted_demand_fixed_product_price_cost,f3eb7b0be14f7709,42e76e9c79c43d55,,3800000110,False,False,False,False,False,8.577454394575989e-05
1.55,2,12,12,24,3302.580211445339,3301.8908057440635,0.6894057012755184,0.020879118718166226,0,4,0,0,,3800000110,f3eb7b0be14f7709,42e76e9c79c43d55,0.05380836776930664,,,,0.0,0.013526449437718196,4,4,0,0.041666666666666664,0,7,0,1,False,weekly_predicted_demand_fixed_product_price_cost,f3eb7b0be14f7709,42e76e9c79c43d55,,3800000110,False,False,False,False,False,1.6292826918428723e-05
1.6,2,12,12,24,3303.280474676416,3302.888884234386,0.3915904420300649,0.011855998059736002,4,4,0,0,3800000110,3800000110,ff1473f1073f8fda,42e76e9c79c43d55,0.0028170733912702417,34.0,34.0,12.0,0.014448856725249693,0.013526449437718196,8,8,0,0.08333333333333333,1,8,1,1,True,weekly_predicted_demand_fixed_product_price_cost,f3eb7b0be14f7709,42e76e9c79c43d55,,3800000110,True,False,True,False,True,8.528108384578508e-07
1.65,2,12,12,24,3304.5149330578506,3301.5879738037006,2.926959254150006,0.08865307474384541,7,8,1,4,3800000110|3800000120,3800000110|3800000120,98bb22760481cb16,a321c46637c90e80,0.005782811997050885,34.0,34.0,12.0,0.014448856725249693,0.013526449437718196,13,11,2,0.13541666666666666,1,7,2,2,True,weekly_predicted_demand_fixed_product_price_cost,ff1473f1073f8fda,42e76e9c79c43d55,3800000110,3800000110,True,True,True,True,True,1.7499730260561203e-06
1.7,2,12,12,24,3318.904451624157,3317.5239392347153,1.3805123894417193,0.04161273331339321,8,8,4,4,3800000110|3800000120,3800000110|3800000120,390811836925ba7e,a321c46637c90e80,0.008748550602376781,34.0,35.0,12.0,0.014448856725249693,0.013526449437718196,16,16,0,0.16666666666666666,2,8,2,2,True,weekly_predicted_demand_fixed_product_price_cost,98bb22760481cb16,a321c46637c90e80,3800000110|3800000120,3800000110|3800000120,True,False,False,False,True,2.635975434030812e-06
1.75,2,12,12,24,3335.400983086435,3333.45990466573,1.941078420705253,0.058230141541177435,8,8,4,4,3800000110|3800000120,3800000110|3800000120,390811836925ba7e,a321c46637c90e80,0.011714289208157425,34.0,35.0,12.0,0.014448856725249693,0.013526449437718196,16,16,0,0.16666666666666666,2,8,2,2,True,weekly_predicted_demand_fixed_product_price_cost,390811836925ba7e,a321c46637c90e80,3800000110|3800000120,3800000110|3800000120,False,False,False,False,False,3.512108219539328e-06
1.8,2,12,12,24,3351.8975145487134,3349.395870096745,2.501644451968332,0.0746894230778422,8,8,4,4,3800000110|3800000120,3800000110|3800000120,390811836925ba7e,a321c46637c90e80,0.01468002781348332,34.0,35.0,12.0,0.014448856725249693,0.013526449437718196,16,16,0,0.16666666666666666,2,8,2,2,True,weekly_predicted_demand_fixed_product_price_cost,390811836925ba7e,a321c46637c90e80,3800000110|3800000120,3800000110|3800000120,False,False,False,False,False,4.37961714216068e-06
1.85,2,12,12,24,3368.3951583570533,3350.2283729858755,18.166785371177866,0.542255134535405,8,12,3,4,3800000110|3800000120,1600066510|3800000110|3800000120,8f622df1673f415f,8c39333eb528f479,0.0011123460612907365,34.0,35.0,12.0,0.014448856725249693,0.02345055820396392,18,18,0,0.1875,2,7,2,3,False,weekly_predicted_demand_fixed_product_price_cost,390811836925ba7e,a321c46637c90e80,3800000110|3800000120,3800000110|3800000120,True,True,False,True,True,3.302302755456065e-07
1.9,2,12,12,24,3385.0329119263934,3379.5739848668395,5.458927059553844,0.16152707660782084,9,12,4,4,1600066510|3800000110|3800000120,1600066510|3800000110|3800000120,c165db675726fb25,8f3ea34bdf8d278e,0.020611505024135113,34.0,36.0,12.0,0.014448856725249693,0.02185912509775417,11,11,0,0.11458333333333333,1,7,3,3,True,weekly_predicted_demand_fixed_product_price_cost,8f622df1673f415f,8c39333eb528f479,3800000110|3800000120,1600066510|3800000110|3800000120,True,True,True,False,True,6.0890117054741666e-06
1.95,2,12,12,24,3415.074881322148,3409.1555791477344,5.919302174413588,0.17362957005011115,12,12,4,4,1600066510|3800000110|3800000120,1600066510|3800000110|3800000120,3e05d020edab3449,8f3ea34bdf8d278e,0.0672395679098372,34.0,36.0,12.0,0.02345055820396392,0.02185912509775417,20,20,0,0.20833333333333334,3,8,3,3,True,weekly_predicted_demand_fixed_product_price_cost,c165db675726fb25,8f3ea34bdf8d278e,1600066510|3800000110|3800000120,1600066510|3800000110|3800000120,True,False,False,False,True,1.968904643279897e-05
2.0,2,12,12,24,3446.0501495972,3438.73717342863,7.312976168570003,0.21266458585663067,12,12,4,4,1600066510|3800000110|3800000120,1600066510|3800000110|3800000120,3e05d020edab3449,8f3ea34bdf8d278e,0.06498517162162898,34.0,36.0,12.0,0.02345055820396392,0.02185912509775417,20,20,0,0.20833333333333334,3,8,3,3,True,weekly_predicted_demand_fixed_product_price_cost,3e05d020edab3449,8f3ea34bdf8d278e,1600066510|3800000110|3800000120,1600066510|3800000110|3800000120,False,False,False,False,False,1.8857871708345548e-05
2.05,2,12,12,24,3477.025417872251,3468.3187677095243,8.706650162726874,0.2510337355316605,12,12,4,4,1600066510|3800000110|3800000120,1600066510|3800000110|3800000120,3e05d020edab3449,8f3ea34bdf8d278e,0.0627307753338755,34.0,36.0,12.0,0.02345055820396392,0.02185912509775417,20,20,0,0.20833333333333334,3,8,3,3,True,weekly_predicted_demand_fixed_product_price_cost,3e05d020edab3449,8f3ea34bdf8d278e,1600066510|3800000110|3800000120,1600066510|3800000110|3800000120,False,False,False,False,False,1.804150611365484e-05
2.1,2,12,12,24,3508.000686147303,3497.9003619904197,10.100324156883289,0.2887539126796589,12,12,4,4,1600066510|3800000110|3800000120,1600066510|3800000110|3800000120,3e05d020edab3449,8f3ea34bdf8d278e,0.06047637904612202,34.0,36.0,12.0,0.02345055820396392,0.02185912509775417,20,20,0,0.20833333333333334,3,8,3,3,True,weekly_predicted_demand_fixed_product_price_cost,3e05d020edab3449,8f3ea34bdf8d278e,1600066510|3800000110|3800000120,1600066510|3800000110|3800000120,False,False,False,False,False,1.7239557359534274e-05
2.15,2,12,12,24,3538.9759544223543,3521.7633671170947,17.212587305259603,0.48874911545660654,12,16,4,8,1600066510|3800000110|3800000120,1600066510|3800000110|3800000120|3800000127,3e05d020edab3449,0eaca84592ac2cd7,0.05822198275882329,34.0,36.0,12.0,0.02345055820396392,0.02185912509775417,24,24,0,0.25,3,7,3,4,False,weekly_predicted_demand_fixed_product_price_cost,3e05d020edab3449,8f3ea34bdf8d278e,1600066510|3800000110|3800000120,1600066510|3800000110|3800000120,False,True,False,True,True,1.645164689126194e-05
2.2,2,12,12,24,3572.007813672384,3559.1534724227745,12.85434124960966,0.36116288182592754,15,16,5,8,1600066510|3800000110|3800000120|3800000127,1600066510|3800000110|3800000120|3800000127,6630ac1ec4ada2cb,0eaca84592ac2cd7,0.006907979657171381,30.0,36.0,12.0,0.02345055820396392,0.02185912509775417,27,27,0,0.28125,3,7,4,4,True,weekly_predicted_demand_fixed_product_price_cost,3e05d020edab3449,0eaca84592ac2cd7,1600066510|3800000110|3800000120,1600066510|3800000110|3800000120|3800000127,True,False,True,False,True,1.933920645618432e-06
2.24,2,12,12,24,3603.2793686182977,3589.0655566673186,14.213811950979107,0.39603099265140085,16,16,8,8,1600066510|3800000110|3800000120|3800000127,1600066510|3800000110|3800000120|3800000127,2c5a2409573e62d2,0eaca84592ac2cd7,0.3661215041270225,30.0,35.0,12.0,0.02345055820396392,0.02185912509775417,28,28,0,0.2916666666666667,4,8,4,4,True,weekly_predicted_demand_fixed_product_price_cost,6630ac1ec4ada2cb,0eaca84592ac2cd7,1600066510|3800000110|3800000120|3800000127,1600066510|3800000110|3800000120|3800000127,True,False,False,False,True,0.00010160785958359212
2.25,2,12,12,24,3611.0989843496905,3596.5435777284542,14.555406621236216,0.40470541525953885,16,16,8,8,1600066510|3800000110|3800000120|3800000127,1600066510|3800000110|3800000120|3800000127,2c5a2409573e62d2,0eaca84592ac2cd7,0.37364101175717224,30.0,35.0,12.0,0.02345055820396392,0.02185912509775417,28,28,0,0.2916666666666667,4,8,4,4,True,weekly_predicted_demand_fixed_product_price_cost,2c5a2409573e62d2,0eaca84592ac2cd7,1600066510|3800000110|3800000120|3800000127,1600066510|3800000110|3800000120|3800000127,False,False,False,False,False,0.000103470166111899
2.3,2,12,12,24,3650.1970630066535,3633.9336830341335,16.263379972519942,0.4475420134508597,16,16,8,8,1600066510|3800000110|3800000120|3800000127,1600066510|3800000110|3800000120|3800000127,2c5a2409573e62d2,0eaca84592ac2cd7,0.41123854990883046,30.0,35.0,12.0,0.02345055820396392,0.02185912509775417,28,28,0,0.2916666666666667,4,8,4,4,True,weekly_predicted_demand_fixed_product_price_cost,2c5a2409573e62d2,0eaca84592ac2cd7,1600066510|3800000110|3800000120|3800000127,1600066510|3800000110|3800000120|3800000127,False,False,False,False,False,0.00011266201325856495
2.35,2,12,12,24,3689.295141663617,3671.3237883398137,17.971353323803214,0.4895060844505335,16,16,8,8,1600066510|3800000110|3800000120|3800000127,1600066510|3800000110|3800000120|3800000127,2c5a2409573e62d2,0eaca84592ac2cd7,0.4488360880595792,30.0,35.0,12.0,0.02345055820396392,0.02185912509775417,28,28,0,0.2916666666666667,4,8,4,4,True,weekly_predicted_demand_fixed_product_price_cost,2c5a2409573e62d2,0eaca84592ac2cd7,1600066510|3800000110|3800000120|3800000127,1600066510|3800000110|3800000120|3800000127,False,False,False,False,False,0.00012165903535090586
2.4,2,12,12,24,3728.3932203205804,3708.713893645493,19.679326675087395,0.5306240179056663,16,16,8,8,1600066510|3800000110|3800000120|3800000127,1600066510|3800000110|3800000120|3800000127,2c5a2409573e62d2,0eaca84592ac2cd7,0.4864336262107827,30.0,35.0,12.0,0.02345055820396392,0.02185912509775417,28,28,0,0.2916666666666667,4,8,4,4,True,weekly_predicted_demand_fixed_product_price_cost,2c5a2409573e62d2,0eaca84592ac2cd7,1600066510|3800000110|3800000120|3800000127,1600066510|3800000110|3800000120|3800000127,False,False,False,False,False,0.000130467361532472
2.45,2,12,12,24,3767.491298977544,3722.7318873589134,44.759411618630565,1.2023270268433182,16,20,8,8,1600066510|3800000110|3800000120|3800000127,1600066510|3800000110|3800000120|3800000127|3800001611,2c5a2409573e62d2,13003a2570e8cd2b,0.5240311643624409,30.0,35.0,12.0,0.02345055820396392,0.02185912509775417,32,32,0,0.3333333333333333,4,7,4,5,False,weekly_predicted_demand_fixed_product_price_cost,2c5a2409573e62d2,0eaca84592ac2cd7,1600066510|3800000110|3800000120|3800000127,1600066510|3800000110|3800000120|3800000127,False,True,False,True,True,0.00013909286651960079
2.5,2,12,12,24,3806.589377634507,3765.1739815345954,41.415396099911504,1.099959691186211,16,20,8,8,1600066510|3800000110|3800000120|3800000127,1600066510|3800000110|3800000120|3800000127|3800001611,2c5a2409573e62d2,13003a2570e8cd2b,0.5747056166524089,30.0,35.0,12.0,0.02345055820396392,0.02185912509775417,32,32,0,0.3333333333333333,4,7,4,5,False,weekly_predicted_demand_fixed_product_price_cost,2c5a2409573e62d2,13003a2570e8cd2b,1600066510|3800000110|3800000120|3800000127,1600066510|3800000110|3800000120|3800000127|3800001611,False,False,False,False,False,0.00015097651982876671
2.55,2,12,12,24,3845.68745629147,3797.425063473951,48.26239281751896,1.2709241660023087,16,24,8,12,1600066510|3800000110|3800000120|3800000127,1600066510|1600066590|3800000110|3800000120|3800000127|3800001611,2c5a2409573e62d2,8611193d92ffe562,0.5654506787218452,30.0,35.0,12.0,0.02345055820396392,0.029520984067106057,36,36,0,0.375,4,6,4,6,False,weekly_predicted_demand_fixed_product_price_cost,2c5a2409573e62d2,13003a2570e8cd2b,1600066510|3800000110|3800000120|3800000127,1600066510|3800000110|3800000120|3800000127|3800001611,False,True,False,True,True,0.00014703500613311122
2.6,2,12,12,24,3885.251168492692,3850.7831652191944,34.46800327349774,0.8950907333556849,17,24,8,12,1600066510|1600066590|3800000110|3800000120|3800000127,1600066510|1600066590|3800000110|3800000120|3800000127|3800001611,aef668ba141e2406,8611193d92ffe562,0.03809988646025886,30.0,36.0,12.0,0.02345055820396392,0.029520984067106057,37,37,0,0.3854166666666667,4,6,5,6,False,weekly_predicted_demand_fixed_product_price_cost,2c5a2409573e62d2,8611193d92ffe562,1600066510|3800000110|3800000120|3800000127,1600066510|1600066590|3800000110|3800000120|3800000127|3800001611,True,False,True,False,True,9.806286597177694e-06
2.65,2,12,12,24,3934.1474941506613,3904.0995363515462,30.04795779911501,0.7696514271558605,20,24,8,12,1600066510|1600066590|3800000110|3800000120|3800000127,1600066510|1600066590|3800000110|3800000120|3800000127|3800001611,f657d82866640b49,a85e376ee021c389,0.13211716772639193,30.0,36.0,12.0,0.029205196472479062,0.027324699446382047,32,32,0,0.3333333333333333,4,7,5,6,False,weekly_predicted_demand_fixed_product_price_cost,aef668ba141e2406,8611193d92ffe562,1600066510|1600066590|3800000110|3800000120|3800000127,1600066510|1600066590|3800000110|3800000120|3800000127|3800001611,True,True,False,False,True,3.358215926648031e-05
2.7,2,12,12,24,3991.209900923283,3958.3175328993857,32.892368023897234,0.8309684038865941,23,24,11,12,1600066510|1600066590|1600066610|3800000110|3800000120|3800000127,1600066510|1600066590|3800000110|3800000120|3800000127|3800001611,48020dd5b0776ffa,a85e376ee021c389,0.1061785355932443,30.0,36.0,12.0,0.029205196472479062,0.027324699446382047,35,35,0,0.3645833333333333,4,6,6,6,False,weekly_predicted_demand_fixed_product_price_cost,f657d82866640b49,a85e376ee021c389,1600066510|1600066590|3800000110|3800000120|3800000127,1600066510|1600066590|3800000110|3800000120|3800000127|3800001611,True,False,True,False,True,2.6603094858198793e-05
2.75,2,12,12,24,4050.616088074243,4009.3803706711083,41.23571740313491,1.0284810517050715,24,24,12,12,1600066510|1600066590|1600066610|3800000110|3800000120|3800000127,1600066510|1600066590|1600066610|3800000120|3800000127|3800001611,4c2be268c6fe38b1,b0cb41868f83cf6c,0.16806108668606612,30.0,36.0,12.0,0.029520984067106057,0.027324699446382047,40,40,0,0.4166666666666667,4,6,6,6,False,weekly_predicted_demand_fixed_product_price_cost,48020dd5b0776ffa,a85e376ee021c389,1600066510|1600066590|1600066610|3800000110|3800000120|3800000127,1600066510|1600066590|3800000110|3800000120|3800000127|3800001611,True,True,False,True,True,4.149025309529303e-05
2.8,2,12,12,24,4111.475978288034,4072.7871279195815,38.68885036845222,0.9499354902011502,24,24,12,12,1600066510|1600066590|1600066610|3800000110|3800000120|3800000127|3800001611,1600066510|1600066590|1600066610|3800000120|3800000127|3800001611,593c66a4ceddebe1,b0cb41868f83cf6c,0.27586572673681076,23.0,36.0,12.0,0.029205196472479062,0.027324699446382047,34,34,0,0.3541666666666667,4,6,7,6,False,weekly_predicted_demand_fixed_product_price_cost,4c2be268c6fe38b1,b0cb41868f83cf6c,1600066510|1600066590|1600066610|3800000110|3800000120|3800000127,1600066510|1600066590|1600066610|3800000120|3800000127|3800001611,True,False,True,False,True,6.709651915604229e-05
2.85,2,12,12,24,4173.130421357593,4136.193885168056,36.93653618953704,0.893007852508739,24,24,12,12,1600066510|1600066590|1600066610|3800000110|3800000120|3800000127|3800001611,1600066510|1600066590|1600066610|3800000120|3800000127|3800001611,593c66a4ceddebe1,b0cb41868f83cf6c,0.1918871077014046,23.0,36.0,12.0,0.029205196472479062,0.027324699446382047,34,34,0,0.3541666666666667,4,6,7,6,False,weekly_predicted_demand_fixed_product_price_cost,593c66a4ceddebe1,b0cb41868f83cf6c,1600066510|1600066590|1600066610|3800000110|3800000120|3800000127|3800001611,1600066510|1600066590|1600066610|3800000120|3800000127|3800001611,False,False,False,False,False,4.5981574579924186e-05
2.9,2,12,12,24,4234.784864427152,4199.600642416529,35.18422201062276,0.8377992339380418,24,24,12,12,1600066510|1600066590|1600066610|3800000110|3800000120|3800000127|3800001611,1600066510|1600066590|1600066610|3800000120|3800000127|3800001611,593c66a4ceddebe1,b0cb41868f83cf6c,0.10790848866599845,23.0,36.0,12.0,0.029205196472479062,0.027324699446382047,34,34,0,0.3541666666666667,4,6,7,6,False,weekly_predicted_demand_fixed_product_price_cost,593c66a4ceddebe1,b0cb41868f83cf6c,1600066510|1600066590|1600066610|3800000110|3800000120|3800000127|3800001611,1600066510|1600066590|1600066610|3800000120|3800000127|3800001611,False,False,False,False,False,2.548145705640125e-05
2.95,2,12,12,24,4297.20404096015,4263.007399665003,34.196641295147856,0.802171755503758,24,24,12,12,1600066510|1600066590|1600066610|3800000110|3800000120|3800000127|3800001611,1600066510|1600066590|1600066610|3800000120|3800000127|3800001611,7bf74f723fcf47ae,b0cb41868f83cf6c,0.22986977716573165,23.0,36.0,12.0,0.029205196472479062,0.027324699446382047,34,34,0,0.3541666666666667,4,6,7,6,False,weekly_predicted_demand_fixed_product_price_cost,593c66a4ceddebe1,b0cb41868f83cf6c,1600066510|1600066590|1600066610|3800000110|3800000120|3800000127|3800001611,1600066510|1600066590|1600066610|3800000120|3800000127|3800001611,True,False,False,False,True,5.349287000911654e-05
3.0,2,12,12,24,4360.088593008093,4326.414156913476,33.674436094616794,0.7783451808654538,24,24,12,12,1600066510|1600066590|1600066610|3800000110|3800000120|3800000127|3800001611,1600066510|1600066590|1600066610|3800000120|3800000127|3800001611,aca8bb7b3ea6e5fc,b0cb41868f83cf6c,0.11997917458666052,23.0,36.0,12.0,0.029205196472479062,0.027324699446382047,34,34,0,0.3541666666666667,4,6,7,6,False,weekly_predicted_demand_fixed_product_price_cost,7bf74f723fcf47ae,b0cb41868f83cf6c,1600066510|1600066590|1600066610|3800000110|3800000120|3800000127|3800001611,1600066510|1600066590|1600066610|3800000120|3800000127|3800001611,True,False,False,False,True,2.7517600165065687e-05
3.05,2,12,12,24,4423.779586050872,4389.82091416195,33.958671888922254,0.7735776140518302,24,24,12,12,1600066510|1600066590|1600066610|3800000110|3800000120|3800000127|3800001611,1600066510|1600066590|1600066610|3800000120|3800000127|3800001611,aca8bb7b3ea6e5fc,b0cb41868f83cf6c,0.13590667153221148,23.0,36.0,12.0,0.029205196472479062,0.027324699446382047,34,34,0,0.3541666666666667,4,6,7,6,False,weekly_predicted_demand_fixed_product_price_cost,aca8bb7b3ea6e5fc,b0cb41868f83cf6c,1600066510|1600066590|1600066610|3800000110|3800000120|3800000127|3800001611,1600066510|1600066590|1600066610|3800000120|3800000127|3800001611,False,False,False,False,False,3.072184517527827e-05
3.1,2,12,12,24,4488.638742146938,4453.227671410424,35.411070736514375,0.7951776407896747,24,24,12,12,1600066510|1600066590|1600066610|3800000120|3800000127|3800001520|3800001611,1600066510|1600066590|1600066610|3800000120|3800000127|3800001611,94cd654ec72462a5,b0cb41868f83cf6c,1.038588573141169,23.0,36.0,14.0,0.027045688531495176,0.027324699446382047,34,34,0,0.3541666666666667,4,6,7,6,False,weekly_predicted_demand_fixed_product_price_cost,aca8bb7b3ea6e5fc,b0cb41868f83cf6c,1600066510|1600066590|1600066610|3800000110|3800000120|3800000127|3800001611,1600066510|1600066590|1600066610|3800000120|3800000127|3800001611,True,False,True,False,True,0.00023138163545868409
3.15,2,12,12,24,4554.814287005177,4516.6344286588965,38.179858346280525,0.8453165503947393,24,24,12,12,1600066510|1600066590|1600066610|3800000120|3800000127|3800001520|3800001611,1600066510|1600066590|1600066610|3800000120|3800000127|3800001611,94cd654ec72462a5,b0cb41868f83cf6c,0.04343818230154284,23.0,36.0,14.0,0.027045688531495176,0.027324699446382047,34,34,0,0.3541666666666667,4,6,7,6,False,weekly_predicted_demand_fixed_product_price_cost,94cd654ec72462a5,b0cb41868f83cf6c,1600066510|1600066590|1600066610|3800000120|3800000127|3800001520|3800001611,1600066510|1600066590|1600066610|3800000120|3800000127|3800001611,False,False,False,False,False,9.536762547151785e-06
3.2,2,12,12,24,4622.132356163953,4581.826367257594,40.305988906358834,0.8796926307463627,24,24,12,12,1600066510|1600066590|1600066610|3800000120|3800000127|3800001520|3800001611,1600066510|1600066590|1600066610|3800000120|3800000127|3800001520|3800001611,a6e113a6bbd35b8e,d16272d565f2315b,0.5894626160506959,23.0,36.0,14.0,0.029205196472479062,0.027324699446382047,34,34,0,0.3541666666666667,4,6,7,7,True,weekly_predicted_demand_fixed_product_price_cost,94cd654ec72462a5,b0cb41868f83cf6c,1600066510|1600066590|1600066610|3800000120|3800000127|3800001520|3800001611,1600066510|1600066590|1600066610|3800000120|3800000127|3800001611,True,True,False,True,True,0.00012753044928810926
1.4,3,12,12,24,3302.580211445339,3298.8965702730966,3.68364117224246,0.11166282706273245,0,4,0,0,,3800000110,f3eb7b0be14f7709,42e76e9c79c43d55,0.5735545465395262,,,,0.0,0.013526449437718196,4,4,0,0.041666666666666664,0,7,0,1,False,weekly_predicted_demand_fixed_product_price_cost,,,,,False,False,False,False,False,0.00017366861963013947
1.45,3,12,12,24,3302.580211445339,3299.894648763419,2.685562681920146,0.08138328546114393,0,4,0,0,,3800000110,f3eb7b0be14f7709,42e76e9c79c43d55,0.4687724536361202,,,,0.0,0.013526449437718196,4,4,0,0.041666666666666664,0,7,0,1,False,weekly_predicted_demand_fixed_product_price_cost,f3eb7b0be14f7709,42e76e9c79c43d55,,3800000110,False,False,False,False,False,0.0001419412773114652
1.5,3,12,12,24,3302.580211445339,3300.892727253741,1.6874841915978323,0.05112205488124954,0,4,0,0,,3800000110,f3eb7b0be14f7709,42e76e9c79c43d55,0.2832773114810152,,,,0.0,0.013526449437718196,4,4,0,0.041666666666666664,0,7,0,1,False,weekly_predicted_demand_fixed_product_price_cost,f3eb7b0be14f7709,42e76e9c79c43d55,,3800000110,False,False,False,False,False,8.577454394575989e-05
1.55,3,12,12,24,3302.580211445339,3301.8908057440635,0.6894057012755184,0.020879118718166226,0,4,0,0,,3800000110,f3eb7b0be14f7709,42e76e9c79c43d55,0.05380836776930664,,,,0.0,0.013526449437718196,4,4,0,0.041666666666666664,0,7,0,1,False,weekly_predicted_demand_fixed_product_price_cost,f3eb7b0be14f7709,42e76e9c79c43d55,,3800000110,False,False,False,False,False,1.6292826918428723e-05
1.6,3,12,12,24,3303.280474676416,3302.888884234386,0.3915904420300649,0.011855998059736002,4,4,0,0,3800000110,3800000110,ff1473f1073f8fda,42e76e9c79c43d55,0.0028170733912702417,34.0,34.0,12.0,0.014448856725249693,0.013526449437718196,8,8,0,0.08333333333333333,1,8,1,1,True,weekly_predicted_demand_fixed_product_price_cost,f3eb7b0be14f7709,42e76e9c79c43d55,,3800000110,True,False,True,False,True,8.528108384578508e-07
1.65,3,12,12,24,3304.5149330578506,3301.5879738037006,2.926959254150006,0.08865307474384541,7,8,0,0,3800000110|3800000120,3800000110|3800000120,98bb22760481cb16,a321c46637c90e80,0.005782811997050885,34.0,34.0,12.0,0.014448856725249693,0.013526449437718196,13,11,2,0.13541666666666666,1,7,2,2,True,weekly_predicted_demand_fixed_product_price_cost,ff1473f1073f8fda,42e76e9c79c43d55,3800000110,3800000110,True,True,True,True,True,1.7499730260561203e-06
1.7,3,12,12,24,3318.904451624157,3317.5239392347153,1.3805123894417193,0.04161273331339321,8,8,0,0,3800000110|3800000120,3800000110|3800000120,390811836925ba7e,a321c46637c90e80,0.008748550602376781,34.0,35.0,12.0,0.014448856725249693,0.013526449437718196,16,16,0,0.16666666666666666,2,8,2,2,True,weekly_predicted_demand_fixed_product_price_cost,98bb22760481cb16,a321c46637c90e80,3800000110|3800000120,3800000110|3800000120,True,False,False,False,True,2.635975434030812e-06
1.75,3,12,12,24,3335.400983086435,3333.45990466573,1.941078420705253,0.058230141541177435,8,8,0,0,3800000110|3800000120,3800000110|3800000120,390811836925ba7e,a321c46637c90e80,0.011714289208157425,34.0,35.0,12.0,0.014448856725249693,0.013526449437718196,16,16,0,0.16666666666666666,2,8,2,2,True,weekly_predicted_demand_fixed_product_price_cost,390811836925ba7e,a321c46637c90e80,3800000110|3800000120,3800000110|3800000120,False,False,False,False,False,3.512108219539328e-06
1.8,3,12,12,24,3351.8975145487134,3349.395870096745,2.501644451968332,0.0746894230778422,8,8,0,0,3800000110|3800000120,3800000110|3800000120,390811836925ba7e,a321c46637c90e80,0.01468002781348332,34.0,35.0,12.0,0.014448856725249693,0.013526449437718196,16,16,0,0.16666666666666666,2,8,2,2,True,weekly_predicted_demand_fixed_product_price_cost,390811836925ba7e,a321c46637c90e80,3800000110|3800000120,3800000110|3800000120,False,False,False,False,False,4.37961714216068e-06
1.85,3,12,12,24,3368.3951583570533,3349.3365931987937,19.058565158259626,0.5690250778903558,8,12,0,4,3800000110|3800000120,1600066510|3800000110|3800000120,8f622df1673f415f,488ed50d81402b98,0.0011123460612907365,34.0,35.0,12.0,0.014448856725249693,0.02185912509775417,18,18,0,0.1875,2,7,2,3,False,weekly_predicted_demand_fixed_product_price_cost,390811836925ba7e,a321c46637c90e80,3800000110|3800000120,3800000110|3800000120,True,True,False,True,True,3.302302755456065e-07
1.9,3,12,12,24,3385.0329119263934,3378.8653460770156,6.167565849377752,0.1825336382977948,9,12,0,4,1600066510|3800000110|3800000120,1600066510|3800000110|3800000120,c165db675726fb25,488ed50d81402b98,0.020611505024135113,34.0,36.0,12.0,0.014448856725249693,0.02185912509775417,19,19,0,0.19791666666666666,2,7,3,3,True,weekly_predicted_demand_fixed_product_price_cost,8f622df1673f415f,488ed50d81402b98,3800000110|3800000120,1600066510|3800000110|3800000120,True,False,True,False,True,6.0890117054741666e-06
1.95,3,12,12,24,3415.2879388374804,3408.394098955237,6.8938398822433555,0.20226064481089495,12,12,3,4,1600066510|3800000110|3800000120,1600066510|3800000110|3800000120,a38d343af9a3ecfc,488ed50d81402b98,0.02357724362900626,34.0,36.0,12.0,0.02345055820396392,0.02185912509775417,22,22,0,0.22916666666666666,3,8,3,3,True,weekly_predicted_demand_fixed_product_price_cost,c165db675726fb25,488ed50d81402b98,1600066510|3800000110|3800000120,1600066510|3800000110|3800000120,True,False,False,False,True,6.9034424186886126e-06
2.0,3,12,12,24,3446.286060348636,3437.922851833459,8.36320851517712,0.24326341443982624,12,12,3,4,1600066510|3800000110|3800000120,1600066510|3800000110|3800000120,a38d343af9a3ecfc,488ed50d81402b98,0.026542982234786905,34.0,36.0,12.0,0.02345055820396392,0.02185912509775417,22,22,0,0.22916666666666666,3,8,3,3,True,weekly_predicted_demand_fixed_product_price_cost,a38d343af9a3ecfc,488ed50d81402b98,1600066510|3800000110|3800000120,1600066510|3800000110|3800000120,False,False,False,False,False,7.701909177005969e-06
2.05,3,12,12,24,3477.2841818597917,3467.4516047116804,9.83257714811134,0.28356782643341094,12,12,3,4,1600066510|3800000110|3800000120,1600066510|3800000110|3800000120,a38d343af9a3ecfc,488ed50d81402b98,0.0295087208401128,34.0,36.0,12.0,0.02345055820396392,0.02185912509775417,22,22,0,0.22916666666666666,3,8,3,3,True,weekly_predicted_demand_fixed_product_price_cost,a38d343af9a3ecfc,488ed50d81402b98,1600066510|3800000110|3800000120,1600066510|3800000110|3800000120,False,False,False,False,False,8.486140130292816e-06
2.1,3,12,12,24,3508.2823033709474,3496.9803575899023,11.301945781045106,0.3231915717374615,12,12,3,4,1600066510|3800000110|3800000120,1600066510|3800000110|3800000120,a38d343af9a3ecfc,488ed50d81402b98,0.0324744594454387,34.0,36.0,12.0,0.02345055820396392,0.02185912509775417,22,22,0,0.22916666666666666,3,8,3,3,True,weekly_predicted_demand_fixed_product_price_cost,a38d343af9a3ecfc,488ed50d81402b98,1600066510|3800000110|3800000120,1600066510|3800000110|3800000120,False,False,False,False,False,9.256512628483598e-06
2.15,3,12,12,24,3539.2804248821026,3520.7905213139043,18.489903568198315,0.5251634102132884,12,16,3,4,1600066510|3800000110|3800000120,1600066510|3800000110|3800000120|3800000127,a38d343af9a3ecfc,4f9f0fde90bfb422,0.03544019805121934,34.0,36.0,12.0,0.02345055820396392,0.02185912509775417,26,26,0,0.2708333333333333,3,7,3,4,False,weekly_predicted_demand_fixed_product_price_cost,a38d343af9a3ecfc,488ed50d81402b98,1600066510|3800000110|3800000120,1600066510|3800000110|3800000120,False,True,False,True,True,1.0013390801719221e-05
2.2,3,12,12,24,3572.3351373682362,3558.1277852169105,14.207352151325722,0.399292914952452,15,16,3,4,1600066510|3800000110|3800000120|3800000127,1600066510|3800000110|3800000120|3800000127,e59e203e31878e61,4f9f0fde90bfb422,0.006907979657171381,30.0,36.0,12.0,0.02345055820396392,0.02185912509775417,29,29,0,0.3020833333333333,3,7,4,4,True,weekly_predicted_demand_fixed_product_price_cost,a38d343af9a3ecfc,4f9f0fde90bfb422,1600066510|3800000110|3800000120,1600066510|3800000110|3800000120|3800000127,True,False,True,False,True,1.9337434455437284e-06
2.24,3,12,12,24,3603.624974903033,3588.8559062068616,14.769068696171416,0.41152581998704874,16,16,3,4,1600066510|3800000110|3800000120|3800000127,1600066510|3800000110|3800000120|3800000127,f0990f9a587e09e5,f52795452204f0ac,0.0407785275410788,30.0,35.0,12.0,0.02345055820396392,0.02185912509775417,20,20,0,0.20833333333333334,3,8,4,4,True,weekly_predicted_demand_fixed_product_price_cost,e59e203e31878e61,4f9f0fde90bfb422,1600066510|3800000110|3800000120|3800000127,1600066510|3800000110|3800000120|3800000127,True,True,False,False,True,1.1315974282861129e-05
2.25,3,12,12,24,3611.4491612816464,3596.361776190152,15.087385091494525,0.41951800264870803,16,16,3,4,1600066510|3800000110|3800000120|3800000127,1600066510|3800000110|3800000120|3800000127,f0990f9a587e09e5,f52795452204f0ac,0.04137167526187113,30.0,35.0,12.0,0.02345055820396392,0.02185912509775417,20,20,0,0.20833333333333334,3,8,4,4,True,weekly_predicted_demand_fixed_product_price_cost,f0990f9a587e09e5,f52795452204f0ac,1600066510|3800000110|3800000120|3800000127,1600066510|3800000110|3800000120|3800000127,False,False,False,False,False,1.145569919837636e-05
2.3,3,12,12,24,3650.5700931747137,3633.8911261066037,16.67896706811007,0.458983675880794,16,16,3,4,1600066510|3800000110|3800000120|3800000127,1600066510|3800000110|3800000120|3800000127,f0990f9a587e09e5,f52795452204f0ac,0.02582458728375059,30.0,35.0,12.0,0.02345055820396392,0.02185912509775417,20,20,0,0.20833333333333334,3,8,4,4,True,weekly_predicted_demand_fixed_product_price_cost,f0990f9a587e09e5,f52795452204f0ac,1600066510|3800000110|3800000120|3800000127,1600066510|3800000110|3800000120|3800000127,False,False,False,False,False,7.0741244859353645e-06
2.35,3,12,12,24,3689.7227797892633,3671.4204760230555,18.302303766207842,0.4985074274585189,16,16,3,4,1600066510|3800000110|3800000120|3800000127,1600066510|3800000110|3800000120|3800000127,9f190d9667f4c046,f52795452204f0ac,0.031754721482684545,30.0,35.0,12.0,0.02345055820396392,0.02185912509775417,26,26,0,0.2708333333333333,4,8,4,4,True,weekly_predicted_demand_fixed_product_price_cost,f0990f9a587e09e5,f52795452204f0ac,1600066510|3800000110|3800000120|3800000127,1600066510|3800000110|3800000120|3800000127,True,False,False,False,True,8.606262144306191e-06
2.4,3,12,12,24,3728.9012909910966,3708.9498259395073,19.951465051589366,0.5379276072179137,16,16,3,4,1600066510|3800000110|3800000120|3800000127,1600066510|3800000110|3800000120|3800000127,9f190d9667f4c046,f52795452204f0ac,0.04695000132051064,30.0,35.0,12.0,0.02345055820396392,0.02185912509775417,26,26,0,0.2708333333333333,4,8,4,4,True,weekly_predicted_demand_fixed_product_price_cost,9f190d9667f4c046,f52795452204f0ac,1600066510|3800000110|3800000120|3800000127,1600066510|3800000110|3800000120|3800000127,False,False,False,False,False,1.2590840479993477e-05
2.45,3,12,12,24,3768.07980219293,3723.4792837398622,44.60051845306771,1.1978183589696503,16,20,3,4,1600066510|3800000110|3800000120|3800000127,1600066510|3800000110|3800000120|3800000127|3800001611,9f190d9667f4c046,f90e338013919a49,0.04469560503184766,30.0,35.0,12.0,0.02345055820396392,0.02185912509775417,30,30,0,0.3125,4,7,4,5,False,weekly_predicted_demand_fixed_product_price_cost,9f190d9667f4c046,f52795452204f0ac,1600066510|3800000110|3800000120|3800000127,1600066510|3800000110|3800000120|3800000127,False,True,False,True,True,1.1861639715230001e-05
2.5,3,12,12,24,3807.258313394763,3766.39493132423,40.86338207053268,1.0849468209157103,16,20,3,4,1600066510|3800000110|3800000120|3800000127,1600066510|3800000110|3800000120|3800000127|3800001611,9f190d9667f4c046,f90e338013919a49,0.04244120874409418,30.0,35.0,12.0,0.02345055820396392,0.02185912509775417,30,30,0,0.3125,4,7,4,5,False,weekly_predicted_demand_fixed_product_price_cost,9f190d9667f4c046,f90e338013919a49,1600066510|3800000110|3800000120|3800000127,1600066510|3800000110|3800000120|3800000127|3800001611,False,False,False,False,False,1.1147446600819487e-05
2.55,3,12,12,24,3846.436824596596,3797.6612191947725,48.77560540182367,1.2843590459120964,16,28,3,8,1600066510|3800000110|3800000120|3800000127,1600066510|1600066590|3800000110|3800000120|3800000127|3800001520|3800001611,9f190d9667f4c046,2070db635c9ecdc8,0.04018681245679545,30.0,35.0,12.0,0.02345055820396392,0.027324699446382047,38,38,0,0.3958333333333333,4,5,4,7,False,weekly_predicted_demand_fixed_product_price_cost,9f190d9667f4c046,f90e338013919a49,1600066510|3800000110|3800000120|3800000127,1600066510|3800000110|3800000120|3800000127|3800001611,False,True,False,True,True,1.0447802548014066e-05
2.6,3,12,12,24,3887.9137217467305,3852.7814092032577,35.132312543472835,0.9118688244173728,20,28,4,8,1600066510|1600066590|3800000110|3800000120|3800000127,1600066510|1600066590|3800000110|3800000120|3800000127|3800001520|3800001611,ccdc686ee71d933f,2070db635c9ecdc8,0.026030420737697568,30.0,36.0,12.0,0.029205196472479062,0.027324699446382047,40,40,0,0.4166666666666667,5,6,5,7,False,weekly_predicted_demand_fixed_product_price_cost,9f190d9667f4c046,2070db635c9ecdc8,1600066510|3800000110|3800000120|3800000127,1600066510|1600066590|3800000110|3800000120|3800000127|3800001520|3800001611,True,False,True,False,True,6.695215635084317e-06
2.65,3,12,12,24,3939.6662805362735,3906.6377377001913,33.028542836082124,0.8454467768369478,21,32,5,8,1600066510|1600066590|3800000110|3800000120|3800000127|3800001611,1600066510|1600066590|1600066610|3800000110|3800000120|3800000127|3800001520|3800001611,e75842c580a1fa24,a0d4167f6306db04,0.011304911390197958,23.0,36.0,12.0,0.029205196472479062,0.027324699446382047,45,45,0,0.46875,5,5,6,8,False,weekly_predicted_demand_fixed_product_price_cost,ccdc686ee71d933f,2070db635c9ecdc8,1600066510|1600066590|3800000110|3800000120|3800000127,1600066510|1600066590|3800000110|3800000120|3800000127|3800001520|3800001611,True,True,True,True,True,2.8695098988585186e-06
2.7,3,12,12,24,4002.4325904664356,3971.898053052785,30.53453741365047,0.7687643792917027,27,32,8,8,1600066510|1600066590|1600066610|3800000110|3800000120|3800000127|3800001611,1600066510|1600066590|1600066610|3800000110|3800000120|3800000127|3800001520|3800001611,8559d9eecfe0c41b,a0d4167f6306db04,0.22018695400856814,23.0,36.0,12.0,0.029205196472479062,0.027324699446382047,43,43,0,0.4479166666666667,5,6,7,8,False,weekly_predicted_demand_fixed_product_price_cost,e75842c580a1fa24,a0d4167f6306db04,1600066510|1600066590|3800000110|3800000120|3800000127|3800001611,1600066510|1600066590|1600066610|3800000110|3800000120|3800000127|3800001520|3800001611,True,False,True,False,True,5.5013282305626036e-05
2.75,3,12,12,24,4068.9885689941225,4037.1583684053785,31.830200588743992,0.7884308140558894,28,32,8,8,1600066510|1600066590|1600066610|3800000110|3800000120|3800000127|3800001611,1600066510|1600066590|1600066610|3800000110|3800000120|3800000127|3800001520|3800001611,0fc86bd3f075a0da,a0d4167f6306db04,0.13155728834817637,23.0,36.0,12.0,0.029205196472479062,0.027324699446382047,44,44,0,0.4583333333333333,6,7,7,8,False,weekly_predicted_demand_fixed_product_price_cost,8559d9eecfe0c41b,a0d4167f6306db04,1600066510|1600066590|1600066610|3800000110|3800000120|3800000127|3800001611,1600066510|1600066590|1600066610|3800000110|3800000120|3800000127|3800001520|3800001611,True,False,False,False,True,3.233169278248872e-05
2.8,3,12,12,24,4135.553386701885,4093.9190933811224,41.63429332076248,1.0169788989742146,28,32,8,8,1600066510|1600066590|1600066610|3800000110|3800000120|3800000127|3800001611,1600066510|1600066590|1600066610|3800000110|3800000120|3800000127|3800001520|3800001611,0fc86bd3f075a0da,d4547f871a956571,0.04292762268687511,23.0,36.0,12.0,0.029205196472479062,0.027324699446382047,52,52,0,0.5416666666666666,7,7,7,8,False,weekly_predicted_demand_fixed_product_price_cost,0fc86bd3f075a0da,a0d4167f6306db04,1600066510|1600066590|1600066610|3800000110|3800000120|3800000127|3800001611,1600066510|1600066590|1600066610|3800000110|3800000120|3800000127|3800001520|3800001611,False,True,False,False,True,1.0380139892501788e-05
2.85,3,12,12,24,4202.188108343092,4149.016128589189,53.17197975390263,1.2815563523003939,30,32,8,8,1600066510|1600066590|1600066610|3800000110|3800000120|3800000127|3800001520|3800001611,1600066510|1600066590|1600066610|3800000110|3800000120|3800000127|3800001520|3800001611,3bc5baf1f9b273d8,afecc69570ec8f33,0.02420189046915766,23.0,36.0,12.0,0.029205196472479062,0.044161339203105096,54,54,0,0.5625,7,7,8,8,True,weekly_predicted_demand_fixed_product_price_cost,0fc86bd3f075a0da,d4547f871a956571,1600066510|1600066590|1600066610|3800000110|3800000120|3800000127|3800001611,1600066510|1600066590|1600066610|3800000110|3800000120|3800000127|3800001520|3800001611,True,True,True,False,True,5.759354375666058e-06
2.9,3,12,12,24,4268.932139740034,4223.929321855513,45.00281788452048,1.0654254476197385,30,32,8,8,1600066510|1600066590|1600066610|3800000110|3800000120|3800000127|3800001520|3800001611,1600066510|1600066590|1600066610|3800000110|3800000120|3800000127|3800001520|3800001611,3bc5baf1f9b273d8,afecc69570ec8f33,0.036905334628499986,23.0,36.0,12.0,0.029205196472479062,0.044161339203105096,54,54,0,0.5625,7,7,8,8,True,weekly_predicted_demand_fixed_product_price_cost,3bc5baf1f9b273d8,afecc69570ec8f33,1600066510|1600066590|1600066610|3800000110|3800000120|3800000127|3800001520|3800001611,1600066510|1600066590|1600066610|3800000110|3800000120|3800000127|3800001520|3800001611,False,False,False,False,False,8.64509751395285e-06
2.95,3,12,12,24,4337.623257407439,4298.842515121838,38.780742285601264,0.9021205626673704,31,32,8,8,1600066510|1600066590|1600066610|3800000110|3800000120|3800000127|3800001520|3800001611,1600066510|1600066590|1600066610|3800000110|3800000120|3800000127|3800001520|3800001611,5313c8985d6a5d4f,afecc69570ec8f33,0.017525080053019337,23.0,36.0,12.0,0.029205196472479062,0.044161339203105096,55,55,0,0.5729166666666666,7,7,8,8,True,weekly_predicted_demand_fixed_product_price_cost,3bc5baf1f9b273d8,afecc69570ec8f33,1600066510|1600066590|1600066610|3800000110|3800000120|3800000127|3800001520|3800001611,1600066510|1600066590|1600066610|3800000110|3800000120|3800000127|3800001520|3800001611,True,False,False,False,True,4.040249466822974e-06
3.0,3,12,12,24,4411.2579727741895,4373.755708388162,37.50226438602749,0.8574384781963054,31,32,8,8,1600066510|1600066590|1600066610|3800000110|3800000120|3800000127|3800001520|3800001611,1600066510|1600066590|1600066610|3800000110|3800000120|3800000127|3800001520|3800001611,afb7462fd95fbcc0,afecc69570ec8f33,0.28121618847762875,23.0,36.0,12.0,0.03108693262711306,0.044161339203105096,55,55,0,0.5729166666666666,7,7,8,8,True,weekly_predicted_demand_fixed_product_price_cost,5313c8985d6a5d4f,afecc69570ec8f33,1600066510|1600066590|1600066610|3800000110|3800000120|3800000127|3800001520|3800001611,1600066510|1600066590|1600066610|3800000110|3800000120|3800000127|3800001520|3800001611,True,False,False,False,True,6.37496583090957e-05
3.05,3,12,12,24,4487.807412254611,4448.668901654486,39.1385106001253,0.8797802548436333,32,32,8,8,1600066510|1600066590|1600066610|3800000110|3800000120|3800000127|3800001520|3800001611,1600066510|1600066590|1600066610|3800000110|3800000120|3800000127|3800001520|3800001611,b3d50a5e6b0f3ae6,afecc69570ec8f33,0.9975408526534011,23.0,35.0,12.0,0.037860145014719744,0.044161339203105096,36,36,0,0.375,5,8,8,8,True,weekly_predicted_demand_fixed_product_price_cost,afb7462fd95fbcc0,afecc69570ec8f33,1600066510|1600066590|1600066610|3800000110|3800000120|3800000127|3800001520|3800001611,1600066510|1600066590|1600066610|3800000110|3800000120|3800000127|3800001520|3800001611,True,False,False,False,True,0.0002222779992584955
3.1,3,12,12,24,4564.892674229537,4523.582094920811,41.31057930872612,0.9132271381812801,32,32,8,8,1600066510|1600066590|1600066610|3800000110|3800000120|3800000127|3800001520|3800001611,1600066510|1600066590|1600066610|3800000110|3800000120|3800000127|3800001520|3800001611,b3d50a5e6b0f3ae6,afecc69570ec8f33,0.9929568815277889,23.0,35.0,12.0,0.037860145014719744,0.044161339203105096,36,36,0,0.375,5,8,8,8,True,weekly_predicted_demand_fixed_product_price_cost,b3d50a5e6b0f3ae6,afecc69570ec8f33,1600066510|1600066590|1600066610|3800000110|3800000120|3800000127|3800001520|3800001611,1600066510|1600066590|1600066610|3800000110|3800000120|3800000127|3800001520|3800001611,False,False,False,False,False,0.00021752031260962345
3.15,3,12,12,24,4641.977936204461,4598.495288187135,43.48264801732603,0.9455842681632538,32,32,8,8,1600066510|1600066590|1600066610|3800000110|3800000120|3800000127|3800001520|3800001611,1600066510|1600066590|1600066610|3800000110|3800000120|3800000127|3800001520|3800001611,b3d50a5e6b0f3ae6,afecc69570ec8f33,0.9883729104039958,23.0,35.0,12.0,0.037860145014719744,0.044161339203105096,36,36,0,0.375,5,8,8,8,True,weekly_predicted_demand_fixed_product_price_cost,b3d50a5e6b0f3ae6,afecc69570ec8f33,1600066510|1600066590|1600066610|3800000110|3800000120|3800000127|3800001520|3800001611,1600066510|1600066590|1600066610|3800000110|3800000120|3800000127|3800001520|3800001611,False,False,False,False,False,0.00021292063943159203
3.2,3,12,12,24,4719.063198179387,4677.836661009715,41.226537169672156,0.8813163040364341,32,32,8,8,1600066510|1600066590|1600066610|3800000110|3800000120|3800000127|3800001520|3800001611,1600066510|1600066590|1600066610|3800000110|3800000120|3800000127|3800001520|3800001611,b3d50a5e6b0f3ae6,7539f96b1ac50e2e,0.9837889392783836,23.0,35.0,12.0,0.037860145014719744,0.040811403189597265,32,32,0,0.3333333333333333,5,8,8,8,True,weekly_predicted_demand_fixed_product_price_cost,b3d50a5e6b0f3ae6,afecc69570ec8f33,1600066510|1600066590|1600066610|3800000110|3800000120|3800000127|3800001520|3800001611,1600066510|1600066590|1600066610|3800000110|3800000120|3800000127|3800001520|3800001611,False,True,False,False,True,0.00020847123633731566
1.4,8,12,12,24,3302.580211445339,3298.8965702730966,3.68364117224246,0.11166282706273245,0,4,0,0,,3800000110,f3eb7b0be14f7709,42e76e9c79c43d55,0.5735545465395262,,,,0.0,0.013526449437718196,4,4,0,0.041666666666666664,0,7,0,1,False,weekly_predicted_demand_fixed_product_price_cost,,,,,False,False,False,False,False,0.00017366861963013947
1.45,8,12,12,24,3302.580211445339,3299.894648763419,2.685562681920146,0.08138328546114393,0,4,0,0,,3800000110,f3eb7b0be14f7709,42e76e9c79c43d55,0.4687724536361202,,,,0.0,0.013526449437718196,4,4,0,0.041666666666666664,0,7,0,1,False,weekly_predicted_demand_fixed_product_price_cost,f3eb7b0be14f7709,42e76e9c79c43d55,,3800000110,False,False,False,False,False,0.0001419412773114652
1.5,8,12,12,24,3302.580211445339,3300.892727253741,1.6874841915978323,0.05112205488124954,0,4,0,0,,3800000110,f3eb7b0be14f7709,42e76e9c79c43d55,0.2832773114810152,,,,0.0,0.013526449437718196,4,4,0,0.041666666666666664,0,7,0,1,False,weekly_predicted_demand_fixed_product_price_cost,f3eb7b0be14f7709,42e76e9c79c43d55,,3800000110,False,False,False,False,False,8.577454394575989e-05
1.55,8,12,12,24,3302.580211445339,3301.8908057440635,0.6894057012755184,0.020879118718166226,0,4,0,0,,3800000110,f3eb7b0be14f7709,42e76e9c79c43d55,0.05380836776930664,,,,0.0,0.013526449437718196,4,4,0,0.041666666666666664,0,7,0,1,False,weekly_predicted_demand_fixed_product_price_cost,f3eb7b0be14f7709,42e76e9c79c43d55,,3800000110,False,False,False,False,False,1.6292826918428723e-05
1.6,8,12,12,24,3303.280474676416,3302.888884234386,0.3915904420300649,0.011855998059736002,4,4,0,0,3800000110,3800000110,ff1473f1073f8fda,42e76e9c79c43d55,0.0028170733912702417,34.0,34.0,12.0,0.014448856725249693,0.013526449437718196,8,8,0,0.08333333333333333,1,8,1,1,True,weekly_predicted_demand_fixed_product_price_cost,f3eb7b0be14f7709,42e76e9c79c43d55,,3800000110,True,False,True,False,True,8.528108384578508e-07
1.65,8,12,12,24,3304.5149330578506,3301.5879738037006,2.926959254150006,0.08865307474384541,7,8,0,0,3800000110|3800000120,3800000110|3800000120,98bb22760481cb16,a321c46637c90e80,0.005782811997050885,34.0,34.0,12.0,0.014448856725249693,0.013526449437718196,13,11,2,0.13541666666666666,1,7,2,2,True,weekly_predicted_demand_fixed_product_price_cost,ff1473f1073f8fda,42e76e9c79c43d55,3800000110,3800000110,True,True,True,True,True,1.7499730260561203e-06
1.7,8,12,12,24,3318.904451624157,3317.5239392347153,1.3805123894417193,0.04161273331339321,8,8,0,0,3800000110|3800000120,3800000110|3800000120,390811836925ba7e,a321c46637c90e80,0.008748550602376781,34.0,35.0,12.0,0.014448856725249693,0.013526449437718196,16,16,0,0.16666666666666666,2,8,2,2,True,weekly_predicted_demand_fixed_product_price_cost,98bb22760481cb16,a321c46637c90e80,3800000110|3800000120,3800000110|3800000120,True,False,False,False,True,2.635975434030812e-06
1.75,8,12,12,24,3335.400983086435,3333.45990466573,1.941078420705253,0.058230141541177435,8,8,0,0,3800000110|3800000120,3800000110|3800000120,390811836925ba7e,a321c46637c90e80,0.011714289208157425,34.0,35.0,12.0,0.014448856725249693,0.013526449437718196,16,16,0,0.16666666666666666,2,8,2,2,True,weekly_predicted_demand_fixed_product_price_cost,390811836925ba7e,a321c46637c90e80,3800000110|3800000120,3800000110|3800000120,False,False,False,False,False,3.512108219539328e-06
1.8,8,12,12,24,3351.8975145487134,3349.395870096745,2.501644451968332,0.0746894230778422,8,8,0,0,3800000110|3800000120,3800000110|3800000120,390811836925ba7e,a321c46637c90e80,0.01468002781348332,34.0,35.0,12.0,0.014448856725249693,0.013526449437718196,16,16,0,0.16666666666666666,2,8,2,2,True,weekly_predicted_demand_fixed_product_price_cost,390811836925ba7e,a321c46637c90e80,3800000110|3800000120,3800000110|3800000120,False,False,False,False,False,4.37961714216068e-06
1.85,8,12,12,24,3368.3951583570533,3349.3365931987937,19.058565158259626,0.5690250778903558,8,12,0,0,3800000110|3800000120,1600066510|3800000110|3800000120,8f622df1673f415f,488ed50d81402b98,0.0011123460612907365,34.0,35.0,12.0,0.014448856725249693,0.02185912509775417,18,18,0,0.1875,2,7,2,3,False,weekly_predicted_demand_fixed_product_price_cost,390811836925ba7e,a321c46637c90e80,3800000110|3800000120,3800000110|3800000120,True,True,False,True,True,3.302302755456065e-07
1.9,8,12,12,24,3385.0329119263934,3378.8653460770156,6.167565849377752,0.1825336382977948,9,12,0,0,1600066510|3800000110|3800000120,1600066510|3800000110|3800000120,c165db675726fb25,488ed50d81402b98,0.020611505024135113,34.0,36.0,12.0,0.014448856725249693,0.02185912509775417,19,19,0,0.19791666666666666,2,7,3,3,True,weekly_predicted_demand_fixed_product_price_cost,8f622df1673f415f,488ed50d81402b98,3800000110|3800000120,1600066510|3800000110|3800000120,True,False,True,False,True,6.0890117054741666e-06
1.95,8,12,12,24,3415.2879388374804,3408.394098955237,6.8938398822433555,0.20226064481089495,12,12,0,0,1600066510|3800000110|3800000120,1600066510|3800000110|3800000120,a38d343af9a3ecfc,488ed50d81402b98,0.02357724362900626,34.0,36.0,12.0,0.02345055820396392,0.02185912509775417,22,22,0,0.22916666666666666,3,8,3,3,True,weekly_predicted_demand_fixed_product_price_cost,c165db675726fb25,488ed50d81402b98,1600066510|3800000110|3800000120,1600066510|3800000110|3800000120,True,False,False,False,True,6.9034424186886126e-06
2.0,8,12,12,24,3446.286060348636,3437.922851833459,8.36320851517712,0.24326341443982624,12,12,0,0,1600066510|3800000110|3800000120,1600066510|3800000110|3800000120,a38d343af9a3ecfc,488ed50d81402b98,0.026542982234786905,34.0,36.0,12.0,0.02345055820396392,0.02185912509775417,22,22,0,0.22916666666666666,3,8,3,3,True,weekly_predicted_demand_fixed_product_price_cost,a38d343af9a3ecfc,488ed50d81402b98,1600066510|3800000110|3800000120,1600066510|3800000110|3800000120,False,False,False,False,False,7.701909177005969e-06
2.05,8,12,12,24,3477.2841818597917,3467.4516047116804,9.83257714811134,0.28356782643341094,12,12,0,0,1600066510|3800000110|3800000120,1600066510|3800000110|3800000120,a38d343af9a3ecfc,488ed50d81402b98,0.0295087208401128,34.0,36.0,12.0,0.02345055820396392,0.02185912509775417,22,22,0,0.22916666666666666,3,8,3,3,True,weekly_predicted_demand_fixed_product_price_cost,a38d343af9a3ecfc,488ed50d81402b98,1600066510|3800000110|3800000120,1600066510|3800000110|3800000120,False,False,False,False,False,8.486140130292816e-06
2.1,8,12,12,24,3508.2823033709474,3496.9803575899023,11.301945781045106,0.3231915717374615,12,12,0,0,1600066510|3800000110|3800000120,1600066510|3800000110|3800000120,a38d343af9a3ecfc,488ed50d81402b98,0.0324744594454387,34.0,36.0,12.0,0.02345055820396392,0.02185912509775417,22,22,0,0.22916666666666666,3,8,3,3,True,weekly_predicted_demand_fixed_product_price_cost,a38d343af9a3ecfc,488ed50d81402b98,1600066510|3800000110|3800000120,1600066510|3800000110|3800000120,False,False,False,False,False,9.256512628483598e-06
2.15,8,12,12,24,3539.2804248821026,3520.330230554058,18.950194328044745,0.5383072918435329,12,16,0,0,1600066510|3800000110|3800000120,1600066510|3800000110|3800000120|3800000127,a38d343af9a3ecfc,11ffdc4466f6ca0b,0.03544019805121934,34.0,36.0,12.0,0.02345055820396392,0.02185912509775417,26,26,0,0.2708333333333333,3,7,3,4,False,weekly_predicted_demand_fixed_product_price_cost,a38d343af9a3ecfc,488ed50d81402b98,1600066510|3800000110|3800000120,1600066510|3800000110|3800000120,False,True,False,True,True,1.0013390801719221e-05
2.2,8,12,12,24,3572.514569879616,3557.8067390678366,14.707830811779331,0.41339600181972946,16,16,0,0,1600066510|3800000110|3800000120|3800000127,1600066510|3800000110|3800000120|3800000127,03d38d7135d96a3f,11ffdc4466f6ca0b,0.03840593665609049,30.0,35.0,12.0,0.02345055820396392,0.02185912509775417,28,28,0,0.2916666666666667,4,8,4,4,True,weekly_predicted_demand_fixed_product_price_cost,a38d343af9a3ecfc,11ffdc4466f6ca0b,1600066510|3800000110|3800000120,1600066510|3800000110|3800000120|3800000127,True,False,True,False,True,1.0750393288776612e-05
2.24,8,12,12,24,3603.8756614299655,3587.7879458788593,16.087715551106157,0.4484020737509149,16,16,0,0,1600066510|3800000110|3800000120|3800000127,1600066510|3800000110|3800000120|3800000127,03d38d7135d96a3f,11ffdc4466f6ca0b,0.0407785275410788,30.0,35.0,12.0,0.02345055820396392,0.02185912509775417,28,28,0,0.2916666666666667,4,8,4,4,True,weekly_predicted_demand_fixed_product_price_cost,03d38d7135d96a3f,11ffdc4466f6ca0b,1600066510|3800000110|3800000120|3800000127,1600066510|3800000110|3800000120|3800000127,False,False,False,False,False,1.1315187140751264e-05
2.25,8,12,12,24,3611.715934317553,3595.2832475816144,16.43268673593866,0.457062367672761,16,16,0,0,1600066510|3800000110|3800000120|3800000127,1600066510|3800000110|3800000120|3800000127,03d38d7135d96a3f,11ffdc4466f6ca0b,0.04137167526187113,30.0,35.0,12.0,0.02345055820396392,0.02185912509775417,28,28,0,0.2916666666666667,4,8,4,4,True,weekly_predicted_demand_fixed_product_price_cost,03d38d7135d96a3f,11ffdc4466f6ca0b,1600066510|3800000110|3800000120|3800000127,1600066510|3800000110|3800000120|3800000127,False,False,False,False,False,1.145485304333284e-05
2.3,8,12,12,24,3650.9172987554903,3632.759756095393,18.15754266009708,0.4998277860139419,16,16,0,0,1600066510|3800000110|3800000120|3800000127,1600066510|3800000110|3800000120|3800000127,03d38d7135d96a3f,11ffdc4466f6ca0b,0.04316966452461202,30.0,35.0,12.0,0.02345055820396392,0.02185912509775417,28,28,0,0.2916666666666667,4,8,4,4,True,weekly_predicted_demand_fixed_product_price_cost,03d38d7135d96a3f,11ffdc4466f6ca0b,1600066510|3800000110|3800000120|3800000127,1600066510|3800000110|3800000120|3800000127,False,False,False,False,False,1.1824333720001686e-05
2.35,8,12,12,24,3690.1186631934274,3670.2362646091715,19.882398584255952,0.5417198553666721,16,16,0,0,1600066510|3800000110|3800000120|3800000127,1600066510|3800000110|3800000120|3800000127,03d38d7135d96a3f,11ffdc4466f6ca0b,0.04042937100439303,30.0,35.0,12.0,0.02345055820396392,0.02185912509775417,28,28,0,0.2916666666666667,4,8,4,4,True,weekly_predicted_demand_fixed_product_price_cost,03d38d7135d96a3f,11ffdc4466f6ca0b,1600066510|3800000110|3800000120|3800000127,1600066510|3800000110|3800000120|3800000127,False,False,False,False,False,1.0956116779563253e-05
2.4,8,12,12,24,3729.3200276313646,3707.7127731229502,21.60725450841437,0.5827650584221201,16,16,0,0,1600066510|3800000110|3800000120|3800000127,1600066510|3800000110|3800000120|3800000127,03d38d7135d96a3f,11ffdc4466f6ca0b,0.03768907748280981,30.0,35.0,12.0,0.02345055820396392,0.02185912509775417,28,28,0,0.2916666666666667,4,8,4,4,True,weekly_predicted_demand_fixed_product_price_cost,03d38d7135d96a3f,11ffdc4466f6ca0b,1600066510|3800000110|3800000120|3800000127,1600066510|3800000110|3800000120|3800000127,False,False,False,False,False,1.0106152650768241e-05
2.45,8,12,12,24,3768.521392069302,3721.237236205857,47.284155863444994,1.2706568504526612,16,20,0,0,1600066510|3800000110|3800000120|3800000127,1600066510|3800000110|3800000120|3800000127|3800001611,03d38d7135d96a3f,60b93ccf8f813b84,0.034948783962590824,30.0,35.0,12.0,0.02345055820396392,0.02185912509775417,32,32,0,0.3333333333333333,4,7,4,5,False,weekly_predicted_demand_fixed_product_price_cost,03d38d7135d96a3f,11ffdc4466f6ca0b,1600066510|3800000110|3800000120|3800000127,1600066510|3800000110|3800000120|3800000127,False,True,False,True,True,9.273871719592492e-06
2.5,8,12,12,24,3807.722756507239,3763.9077151954766,43.81504131176234,1.1640838359260046,16,20,0,0,1600066510|3800000110|3800000120|3800000127,1600066510|3800000110|3800000120|3800000127|3800001611,03d38d7135d96a3f,60b93ccf8f813b84,0.0322084904410076,30.0,35.0,12.0,0.02345055820396392,0.02185912509775417,32,32,0,0.3333333333333333,4,7,4,5,False,weekly_predicted_demand_fixed_product_price_cost,03d38d7135d96a3f,60b93ccf8f813b84,1600066510|3800000110|3800000120|3800000127,1600066510|3800000110|3800000120|3800000127|3800001611,False,False,False,False,False,8.458727827798028e-06
2.55,8,12,12,24,3846.924120945176,3793.7001160215336,53.2240049236425,1.4029576217389237,16,28,0,0,1600066510|3800000110|3800000120|3800000127,1600066510|1600066590|3800000110|3800000120|3800000127|3800001520|3800001611,03d38d7135d96a3f,fd90db45e4d56a16,0.029468196920788614,30.0,35.0,12.0,0.02345055820396392,0.025392701012518518,40,40,0,0.4166666666666667,4,5,4,7,False,weekly_predicted_demand_fixed_product_price_cost,03d38d7135d96a3f,60b93ccf8f813b84,1600066510|3800000110|3800000120|3800000127,1600066510|3800000110|3800000120|3800000127|3800001611,False,True,False,True,True,7.660197080660998e-06
2.6,8,12,12,24,3888.7478948763924,3848.0143572333554,40.733537643036925,1.0585599184802292,20,28,0,0,1600066510|1600066590|3800000110|3800000120|3800000127,1600066510|1600066590|3800000110|3800000120|3800000127|3800001520|3800001611,b518dddb9c2e0705,fd90db45e4d56a16,0.02603042073724282,30.0,36.0,12.0,0.02822057541544282,0.025392701012518518,44,44,0,0.4583333333333333,5,6,5,7,False,weekly_predicted_demand_fixed_product_price_cost,03d38d7135d96a3f,fd90db45e4d56a16,1600066510|3800000110|3800000120|3800000127,1600066510|1600066590|3800000110|3800000120|3800000127|3800001520|3800001611,True,False,True,False,True,6.693779448016962e-06
2.65,8,12,12,24,3940.880922327294,3900.887962418514,39.992959908779994,1.0252270840402382,21,32,0,4,1600066510|1600066590|3800000110|3800000120|3800000127|3800001611,1600066510|1600066590|1600066610|3800000110|3800000120|3800000127|3800001520|3800001611,269c9000c9b1591c,d9d17b8be47105ce,0.011304911390197958,23.0,36.0,12.0,0.02822057541544282,0.025392701012518518,49,49,0,0.5104166666666666,5,5,6,8,False,weekly_predicted_demand_fixed_product_price_cost,b518dddb9c2e0705,fd90db45e4d56a16,1600066510|1600066590|3800000110|3800000120|3800000127,1600066510|1600066590|3800000110|3800000120|3800000127|3800001520|3800001611,True,True,True,True,True,2.8686254705513467e-06
2.7,8,12,12,24,4005.8766015949195,3964.80444014266,41.07216145225948,1.0359189733650933,28,32,0,4,1600066510|1600066590|1600066610|3800000110|3800000120|3800000127|3800001611,1600066510|1600066590|1600066610|3800000110|3800000120|3800000127|3800001520|3800001611,e1eef6ff2f9d93cc,d9d17b8be47105ce,0.0034205979568469047,23.0,36.0,12.0,0.02822057541544282,0.025392701012518518,54,54,0,0.5625,7,7,7,8,False,weekly_predicted_demand_fixed_product_price_cost,269c9000c9b1591c,d9d17b8be47105ce,1600066510|1600066590|3800000110|3800000120|3800000127|3800001611,1600066510|1600066590|1600066610|3800000110|3800000120|3800000127|3800001520|3800001611,True,False,True,False,True,8.538949890480928e-07
2.75,8,12,12,24,4073.1222493952364,4028.7209178668054,44.401331528431,1.1021198150389966,28,32,0,4,1600066510|1600066590|1600066610|3800000110|3800000120|3800000127|3800001611,1600066510|1600066590|1600066610|3800000110|3800000120|3800000127|3800001520|3800001611,e1eef6ff2f9d93cc,d9d17b8be47105ce,0.018146107303891768,23.0,36.0,12.0,0.02822057541544282,0.025392701012518518,54,54,0,0.5625,7,7,7,8,False,weekly_predicted_demand_fixed_product_price_cost,e1eef6ff2f9d93cc,d9d17b8be47105ce,1600066510|1600066590|1600066610|3800000110|3800000120|3800000127|3800001611,1600066510|1600066590|1600066610|3800000110|3800000120|3800000127|3800001520|3800001611,False,False,False,False,False,4.455085360275165e-06
2.8,8,12,12,24,4140.380887351442,4085.4188581298554,54.96202922158636,1.3453217682249068,29,32,0,4,1600066510|1600066590|1600066610|3800000110|3800000120|3800000127|3800001520|3800001611,1600066510|1600066590|1600066610|3800000110|3800000120|3800000127|3800001520|3800001611,e0865a2f2eac5888,0be303352a835dac,0.01218350338149321,23.0,36.0,12.0,0.02822057541544282,0.025392701012518518,55,55,0,0.5729166666666666,7,7,8,8,True,weekly_predicted_demand_fixed_product_price_cost,e1eef6ff2f9d93cc,d9d17b8be47105ce,1600066510|1600066590|1600066610|3800000110|3800000120|3800000127|3800001611,1600066510|1600066590|1600066610|3800000110|3800000120|3800000127|3800001520|3800001611,True,True,True,False,True,2.9426044880829476e-06
2.85,8,12,12,24,4207.843887817268,4138.509678640126,69.33420917714193,1.6753424435610953,32,32,2,4,1600066510|1600066590|1600066610|3800000110|3800000120|3800000127|3800001520|3800001611,1600066510|1600066590|1600066610|3800000110|3800000120|3800000127|3800001520|3800001611,dcbeaa89c964cf2e,bf1cacb357153055,0.004454708356206538,23.0,36.0,12.0,0.02822057541544282,0.037860144277857555,58,58,0,0.6041666666666666,7,7,8,8,True,weekly_predicted_demand_fixed_product_price_cost,e0865a2f2eac5888,0be303352a835dac,1600066510|1600066590|1600066610|3800000110|3800000120|3800000127|3800001520|3800001611,1600066510|1600066590|1600066610|3800000110|3800000120|3800000127|3800001520|3800001611,True,True,False,False,True,1.058667687055597e-06
2.9,8,12,12,24,4275.46109479993,4212.806695984611,62.65439881531893,1.4872364990075917,32,32,2,4,1600066510|1600066590|1600066610|3800000110|3800000120|3800000127|3800001520|3800001611,1600066510|1600066590|1600066610|3800000110|3800000120|3800000127|3800001520|3800001611,dcbeaa89c964cf2e,bf1cacb357153055,0.00919580816753296,23.0,36.0,12.0,0.02822057541544282,0.037860144277857555,58,58,0,0.6041666666666666,7,7,8,8,True,weekly_predicted_demand_fixed_product_price_cost,dcbeaa89c964cf2e,bf1cacb357153055,1600066510|1600066590|1600066610|3800000110|3800000120|3800000127|3800001520|3800001611,1600066510|1600066590|1600066610|3800000110|3800000120|3800000127|3800001520|3800001611,False,False,False,False,False,2.1508342524078743e-06
2.95,8,12,12,24,4348.0981016691985,4287.1037133290965,60.99438834010198,1.4227411422416358,32,32,2,4,1600066510|1600066590|1600066610|3800000110|3800000120|3800000127|3800001520|3800001611,1600066510|1600066590|1600066610|3800000110|3800000120|3800000127|3800001520|3800001611,a7ead4a1661f593d,bf1cacb357153055,0.007545848755398765,23.0,35.0,12.0,0.040811403983899056,0.037860144277857555,58,58,0,0.6041666666666666,8,8,8,8,True,weekly_predicted_demand_fixed_product_price_cost,dcbeaa89c964cf2e,bf1cacb357153055,1600066510|1600066590|1600066610|3800000110|3800000120|3800000127|3800001520|3800001611,1600066510|1600066590|1600066610|3800000110|3800000120|3800000127|3800001520|3800001611,True,False,False,False,True,1.7354366389530119e-06
3.0,8,12,12,24,4426.542007285941,4361.400730673581,65.14127661235943,1.4935861351657755,32,32,2,4,1600066510|1600066590|1600066610|3800000110|3800000120|3800000127|3800001520|3800001611,1600066510|1600066590|1600066610|3800000110|3800000120|3800000127|3800001520|3800001611,a7ead4a1661f593d,bf1cacb357153055,0.0048055552351797814,23.0,35.0,12.0,0.040811403983899056,0.037860144277857555,58,58,0,0.6041666666666666,8,8,8,8,True,weekly_predicted_demand_fixed_product_price_cost,a7ead4a1661f593d,bf1cacb357153055,1600066510|1600066590|1600066610|3800000110|3800000120|3800000127|3800001520|3800001611,1600066510|1600066590|1600066610|3800000110|3800000120|3800000127|3800001520|3800001611,False,False,False,False,False,1.0856228693345726e-06
3.05,8,12,12,24,4504.985912902683,4435.697748018067,69.28816488461598,1.5620578502125155,32,32,2,4,1600066510|1600066590|1600066610|3800000110|3800000120|3800000127|3800001520|3800001611,1600066510|1600066590|1600066610|3800000110|3800000120|3800000127|3800001520|3800001611,a7ead4a1661f593d,bf1cacb357153055,0.002065261714051303,23.0,35.0,12.0,0.040811403983899056,0.037860144277857555,58,58,0,0.6041666666666666,8,8,8,8,True,weekly_predicted_demand_fixed_product_price_cost,a7ead4a1661f593d,bf1cacb357153055,1600066510|1600066590|1600066610|3800000110|3800000120|3800000127|3800001520|3800001611,1600066510|1600066590|1600066610|3800000110|3800000120|3800000127|3800001520|3800001611,False,False,False,False,False,4.5843910591067747e-07
3.1,8,12,12,24,4583.433382238664,4509.994765362551,73.43861687611297,1.628352596773122,32,32,2,4,1600066510|1600066590|1600066610|3800000110|3800000120|3800000127|3800001520|3800001611,1600066510|1600066590|1600066610|3800000110|3800000120|3800000127|3800001520|3800001611,a6296de190f0a68f,bf1cacb357153055,0.0006750318070771755,23.0,35.0,12.0,0.040811403983899056,0.037860144277857555,54,54,0,0.5625,8,8,8,8,True,weekly_predicted_demand_fixed_product_price_cost,a7ead4a1661f593d,bf1cacb357153055,1600066510|1600066590|1600066610|3800000110|3800000120|3800000127|3800001520|3800001611,1600066510|1600066590|1600066610|3800000110|3800000120|3800000127|3800001520|3800001611,True,False,False,False,True,1.4727645212276935e-07
3.15,8,12,12,24,4661.924280147934,4584.291782707036,77.63249744089808,1.6934458171651519,32,32,2,4,1600066510|1600066590|1600066610|3800000110|3800000120|3800000127|3800001520|3800001611,1600066510|1600066590|1600066610|3800000110|3800000120|3800000127|3800001520|3800001611,a6296de190f0a68f,bf1cacb357153055,0.0034153253272961592,23.0,35.0,12.0,0.040811403983899056,0.037860144277857555,54,54,0,0.5625,8,8,8,8,True,weekly_predicted_demand_fixed_product_price_cost,a6296de190f0a68f,bf1cacb357153055,1600066510|1600066590|1600066610|3800000110|3800000120|3800000127|3800001520|3800001611,1600066510|1600066590|1600066610|3800000110|3800000120|3800000127|3800001520|3800001611,False,False,False,False,False,7.325999141255428e-07
3.2,8,12,12,24,4740.415178057206,4658.588800051522,81.82637800568318,1.7564627726915543,32,32,2,4,1600066510|1600066590|1600066610|3800000110|3800000120|3800000127|3800001520|3800001611,1600066510|1600066590|1600066610|3800000110|3800000120|3800000127|3800001520|3800001611,a6296de190f0a68f,bf1cacb357153055,0.006155618848424638,23.0,35.0,12.0,0.040811403983899056,0.037860144277857555,54,54,0,0.5625,8,8,8,8,True,weekly_predicted_demand_fixed_product_price_cost,a6296de190f0a68f,bf1cacb357153055,1600066510|1600066590|1600066610|3800000110|3800000120|3800000127|3800001520|3800001611,1600066510|1600066590|1600066610|3800000110|3800000120|3800000127|3800001520|3800001611,False,False,False,False,False,1.2985400259703484e-06
