grid_name,weekly_capacity,alpha,value_of_dynamic_optimization,relative_VDO,dynamic_active_product_set,myopic_active_product_set,active_set_changed,active_set_symmetric_difference,product_promotion_count_disagreement,product_week_timing_disagreement,dynamic_binding_weeks,myopic_binding_weeks,dynamic_supported_share,myopic_supported_share
supported,1,1.2,0.0,0.0,,,False,0,0,0,0,0,1.0,1.0
supported,1,1.25,0.0,0.0,,,False,0,0,0,0,0,1.0,1.0
supported,1,1.3,0.0,0.0,,,False,0,0,0,0,0,1.0,1.0
supported,1,1.35,0.0,0.0,,,False,0,0,0,0,0,1.0,1.0
supported,1,1.4,2.8002029410997693,0.0016053527873592453,3800000110,3800000110,False,0,3,5,1,4,1.0,1.0
supported,1,1.45,2.0275180333851495,0.0011616923827749998,3800000110,3800000110,False,0,3,5,1,4,1.0,1.0
supported,1,1.5,1.254833125670757,0.0007185516269762267,3800000110,3800000110,False,0,3,5,1,4,1.0,1.0
supported,1,1.55,0.7301850651303994,0.0004178791312173822,3800000110,3800000110,False,0,1,7,3,4,1.0,1.0
supported,1,1.6,0.6899190603892293,0.0003946042555389178,3800000110,3800000110,False,0,0,8,4,4,1.0,1.0
supported,1,1.65,0.749546615441659,0.00042831064158017847,3800000110|3800000120,3800000110|3800000120,False,0,0,16,8,8,1.0,1.0
supported,1,1.7,1.018210722605545,0.0005772030644226405,3800000110|3800000120,3800000110|3800000120,False,0,0,6,8,8,1.0,1.0
supported,1,1.75,0.9623414150869394,0.0005406849862424837,3800000110|3800000120,3800000110|3800000120,False,0,0,4,8,8,1.0,1.0
supported,1,1.8,0.9212153078710799,0.0005130205189042683,3800000110|3800000120,3800000110|3800000120,False,0,0,4,8,8,1.0,1.0
supported,1,1.85,5.1863743373555735,0.0028698766325836525,3800000110|3800000120,1600066510|3800000110|3800000120,True,1,4,8,8,12,1.0,0.6666666666666666
supported,1,1.9,2.0481609901589763,0.0011193248965914054,1600066510|3800000110|3800000120,1600066510|3800000110|3800000120,False,0,1,15,11,12,1.0,1.0
supported,1,1.95,1.818990592678574,0.000978078471645422,1600066510|3800000110|3800000120,1600066510|3800000110|3800000120,False,0,0,16,12,12,1.0,1.0
supported,1,2.0,1.7534146229427279,0.0009278795977750039,1600066510|3800000110|3800000120,1600066510|3800000110|3800000120,False,0,0,16,12,12,1.0,1.0
supported,1,2.05,1.6878386532066543,0.0008792466576941402,1600066510|3800000110|3800000120,1600066510|3800000110|3800000120,False,0,0,16,12,12,1.0,1.0
supported,1,2.1,1.6222626834710354,0.0008321075036953898,1600066510|3800000110|3800000120,1600066510|3800000110|3800000120,False,0,0,16,12,12,1.0,1.0
supported,1,2.15,1.5566867137351892,0.0007863943531417211,1600066510|3800000110|3800000120,1600066510|3800000110|3800000120,False,0,0,16,12,12,1.0,1.0
supported,1,2.2,1.4911107439995703,0.0007420434632679127,1600066510|3800000110|3800000120,1600066510|3800000110|3800000120,False,0,0,16,12,12,1.0,1.0
supported,1,2.24,1.4386499682107114,0.0007075031406912078,1600066510|3800000110|3800000120,1600066510|3800000110|3800000120,False,0,0,16,12,12,1.0,1.0
supported,1,2.25,4.975601262052805,0.0024439840663735154,1600066510|3800000110|3800000120,1600066510|3800000120|3800000127,True,2,8,16,12,12,1.0,1.0
supported,1,2.3,0.7222286495371009,0.00034857032534164954,1600066510|3800000110|3800000120|3800000127,1600066510|3800000120|3800000127,True,1,2,10,12,12,1.0,1.0
supported,1,2.35,0.2857936151822287,0.00013556984577633053,1600066510|3800000120|3800000127,1600066510|3800000120|3800000127,False,0,0,16,12,12,1.0,1.0
supported,1,2.4,0.2512533219651232,0.00011717764615362033,1600066510|3800000120|3800000127,1600066510|3800000120|3800000127,False,0,0,16,12,12,1.0,1.0
supported,1,2.45,0.21671302874847242,9.939478391136746e-05,1600066510|3800000120|3800000127,1600066510|3800000120|3800000127,False,0,0,16,12,12,1.0,1.0
supported,1,2.5,0.18217273553182167,8.219147127660592e-05,1600066510|3800000120|3800000127,1600066510|3800000120|3800000127,False,0,0,16,12,12,1.0,1.0
supported,1,2.55,0.14763244231562567,6.553983093312635e-05,1600066510|3800000120|3800000127,1600066510|3800000120|3800000127,False,0,0,16,12,12,1.0,1.0
supported,1,2.6,0.11309214909852017,4.9413745276951456e-05,1600066510|3800000120|3800000127,1600066510|3800000120|3800000127,False,0,0,16,12,12,1.0,1.0
supported,1,2.65,0.07855185588186941,3.378871972647238e-05,1600066510|3800000120|3800000127,1600066510|3800000120|3800000127,False,0,0,16,12,12,1.0,1.0
supported,1,2.7,0.04401156266521866,1.864175857525127e-05,1600066510|3800000120|3800000127,1600066510|3800000120|3800000127,False,0,0,16,12,12,1.0,1.0
supported,1,2.75,0.00947126944856791,3.951252071221123e-06,1600066510|3800000120|3800000127,1600066510|3800000120|3800000127,False,0,0,16,12,12,1.0,1.0
supported,1,2.8,0.0,0.0,1600066510|3800000120|3800000127,1600066510|3800000120|3800000127,False,0,0,0,12,12,1.0,1.0
supported,1,2.85,0.0,0.0,1600066510|3800000120|3800000127,1600066510|3800000120|3800000127,False,0,0,0,12,12,1.0,1.0
supported,1,2.9,0.0,0.0,1600066510|3800000120|3800000127,1600066510|3800000120|3800000127,False,0,0,0,12,12,1.0,1.0
supported,1,2.95,0.0,0.0,1600066510|3800000120|3800000127,1600066510|3800000120|3800000127,False,0,0,0,12,12,1.0,1.0
supported,1,3.0,0.0,0.0,1600066510|3800000120|3800000127,1600066510|3800000120|3800000127,False,0,0,0,12,12,1.0,1.0
supported,1,3.05,0.0,0.0,1600066510|3800000120|3800000127,1600066510|3800000120|3800000127,False,0,0,0,12,12,1.0,1.0
supported,1,3.1,0.0,0.0,1600066510|3800000120|3800000127,1600066510|3800000120|3800000127,False,0,0,0,12,12,1.0,1.0
supported,1,3.15,0.0,0.0,1600066510|3800000120|3800000127,1600066510|3800000120|3800000127,False,0,0,0,12,12,1.0,1.0
supported,1,3.2,0.0,0.0,1600066510|3800000120|3800000127,1600066510|3800000120|3800000127,False,0,0,0,12,12,1.0,1.0
supported,2,1.2,0.0,0.0,,,False,0,0,0,0,0,1.0,1.0
supported,2,1.25,0.0,0.0,,,False,0,0,0,0,0,1.0,1.0
supported,2,1.3,0.0,0.0,,,False,0,0,0,0,0,1.0,1.0
supported,2,1.35,0.0,0.0,,,False,0,0,0,0,0,1.0,1.0
supported,2,1.4,2.8002029410997693,0.0016053527873592453,3800000110,3800000110,False,0,3,5,0,0,1.0,1.0
supported,2,1.45,2.0275180333851495,0.0011616923827749998,3800000110,3800000110,False,0,3,5,0,0,1.0,1.0
supported,2,1.5,1.254833125670757,0.0007185516269762267,3800000110,3800000110,False,0,3,5,0,0,1.0,1.0
supported,2,1.55,0.7301850651303994,0.0004178791312173822,3800000110,3800000110,False,0,1,7,0,0,1.0,1.0
supported,2,1.6,0.6899190603892293,0.0003946042555389178,3800000110,3800000110,False,0,0,8,0,0,1.0,1.0
supported,2,1.65,1.3905775962275584,0.0007947006347922915,3800000110|3800000120,3800000110|3800000120,False,0,0,16,4,4,1.0,1.0
supported,2,1.7,1.6877264955046485,0.0009568613844278226,3800000110|3800000120,3800000110|3800000120,False,0,0,14,3,4,1.0,1.0
supported,2,1.75,1.6216555442406388,0.0009112299752686152,3800000110|3800000120,3800000110|3800000120,False,0,0,12,2,4,1.0,1.0
supported,2,1.8,1.57032779327983,0.0008746140400745684,3800000110|3800000120,3800000110|3800000120,False,0,0,12,2,4,1.0,1.0
supported,2,1.85,7.081712968230249,0.0039218120503892945,3800000110|3800000120,1600066510|3800000110|3800000120,True,1,4,16,1,4,1.0,0.6666666666666666
supported,2,1.9,4.454407581329406,0.0024363778142675327,1600066510|3800000110|3800000120,1600066510|3800000110|3800000120,False,0,1,11,2,4,1.0,1.0
supported,2,1.95,4.131845237215657,0.0022234444096349342,1600066510|3800000110|3800000120,1600066510|3800000110|3800000120,False,0,0,14,3,4,1.0,1.0
supported,2,2.0,4.051537164052206,0.0021455712144916317,1600066510|3800000110|3800000120,1600066510|3800000110|3800000120,False,0,0,8,2,4,1.0,1.0
supported,2,2.05,4.0072937084830755,0.002088934946019036,1600066510|3800000110|3800000120,1600066510|3800000110|3800000120,False,0,0,8,3,4,1.0,1.0
supported,2,2.1,3.9817303803761206,0.002043631420788227,1600066510|3800000110|3800000120,1600066510|3800000110|3800000120,False,0,0,8,3,4,1.0,1.0
supported,2,2.15,8.747209750810725,0.004430967692490375,1600066510|3800000110|3800000120|3800000127,1600066510|3800000110|3800000120|3800000127,False,0,3,13,4,8,1.0,1.0
supported,2,2.2,4.864182205199995,0.002418366513302287,1600066510|3800000110|3800000120|3800000127,1600066510|3800000110|3800000120|3800000127,False,0,0,16,5,8,1.0,1.0
supported,2,2.24,4.837896921920219,0.0023701889832863023,1600066510|3800000110|3800000120|3800000127,1600066510|3800000110|3800000120|3800000127,False,0,0,14,6,8,1.0,1.0
supported,2,2.25,4.832849774360511,0.0023591075698391846,1600066510|3800000110|3800000120|3800000127,1600066510|3800000110|3800000120|3800000127,False,0,0,14,6,8,1.0,1.0
supported,2,2.3,4.807614036559698,0.002304887638538718,1600066510|3800000110|3800000120|3800000127,1600066510|3800000110|3800000120|3800000127,False,0,0,14,6,8,1.0,1.0
supported,2,2.35,4.782378298758886,0.002252569911669376,1600066510|3800000110|3800000120|3800000127,1600066510|3800000110|3800000120|3800000127,False,0,0,14,6,8,1.0,1.0
supported,2,2.4,4.777879088720056,0.002211654840524735,1600066510|3800000110|3800000120|3800000127,1600066510|3800000110|3800000120|3800000127,False,0,0,10,7,8,1.0,1.0
supported,2,2.45,21.468330941199838,0.009843839024714363,1600066510|3800000110|3800000120|3800000127,1600066510|3800000110|3800000120|3800000127|3800001611,True,1,4,14,7,8,1.0,1.0
supported,2,2.5,16.24136556943313,0.007304347575313594,1600066510|3800000110|3800000120|3800000127|3800001611,1600066510|3800000110|3800000120|3800000127|3800001611,False,0,3,7,7,8,1.0,1.0
supported,2,2.55,15.849893412113488,0.007005479962408108,1600066510|3800000110|3800000120|3800000127|3800001611,1600066510|1600066590|3800000110|3800000120|3800000127|3800001611,True,1,7,11,7,12,1.0,1.0
supported,2,2.6,5.157558878898726,0.0022273495822225492,1600066510|1600066590|3800000110|3800000120|3800000127|3800001611,1600066510|1600066590|3800000110|3800000120|3800000127|3800001611,False,0,3,3,9,12,1.0,1.0
supported,2,2.65,2.947933905244554,0.001245442854533022,1600066510|1600066590|1600066610|3800000110|3800000120|3800000127|3800001611,1600066510|1600066590|3800000110|3800000120|3800000127|3800001611,True,1,4,20,10,12,1.0,1.0
supported,2,2.7,6.835238322973964,0.002824381470626858,1600066510|1600066590|1600066610|3800000110|3800000120|3800000127|3800001611,1600066510|1600066590|3800000110|3800000120|3800000127|3800001611,True,1,6,22,12,12,1.0,1.0
supported,2,2.75,12.068056855400755,0.004881795543237128,1600066510|1600066590|1600066610|3800000110|3800000120|3800000127|3800001611,1600066510|1600066590|1600066610|3800000120|3800000127|3800001611,True,1,8,16,12,12,1.0,1.0
supported,2,2.8,8.648210465748434,0.003411582998789487,1600066510|1600066590|1600066610|3800000110|3800000120|3800000127|3800001611,1600066510|1600066590|1600066610|3800000120|3800000127|3800001611,True,1,6,22,12,12,1.0,1.0
supported,2,2.85,5.383392537713007,0.002072243015368512,1600066510|1600066590|1600066610|3800000110|3800000120|3800000127|3800001611,1600066510|1600066590|1600066610|3800000120|3800000127|3800001611,True,1,6,22,12,12,1.0,1.0
supported,2,2.9,2.1185746096771254,0.0007962290831451014,1600066510|1600066590|1600066610|3800000110|3800000120|3800000127|3800001611,1600066510|1600066590|1600066610|3800000120|3800000127|3800001611,True,1,6,22,12,12,1.0,1.0
supported,2,2.95,0.3107953039871063,0.00011410932798730636,1600066510|1600066590|1600066610|3800000110|3800000120|3800000127|3800001611,1600066510|1600066590|1600066610|3800000120|3800000127|3800001611,True,1,2,18,12,12,1.0,1.0
supported,2,3.0,0.23120532353641465,8.297144551860744e-05,1600066510|1600066590|1600066610|3800000120|3800000127|3800001611,1600066510|1600066590|1600066610|3800000120|3800000127|3800001611,False,0,0,16,12,12,1.0,1.0
supported,2,3.05,0.23310938072154386,8.180805373744954e-05,1600066510|1600066590|1600066610|3800000120|3800000127|3800001611,1600066510|1600066590|1600066610|3800000120|3800000127|3800001611,False,0,0,16,12,12,1.0,1.0
supported,2,3.1,0.23501343790667306,8.06949166665383e-05,1600066510|1600066590|1600066610|3800000120|3800000127|3800001611,1600066510|1600066590|1600066610|3800000120|3800000127|3800001611,False,0,0,16,12,12,1.0,1.0
supported,2,3.15,1.0062296699761646,0.00033819751595984466,1600066510|1600066590|1600066610|3800000120|3800000127|3800001520|3800001611,1600066510|1600066590|1600066610|3800000120|3800000127|3800001611,True,1,2,18,12,12,1.0,1.0
supported,2,3.2,2.9400389887496203,0.000967699146985937,1600066510|1600066590|1600066610|3800000120|3800000127|3800001520|3800001611,1600066510|1600066590|1600066610|3800000120|3800000127|3800001611,True,1,4,20,12,12,1.0,1.0
supported,3,1.2,0.0,0.0,,,False,0,0,0,0,0,1.0,1.0
supported,3,1.25,0.0,0.0,,,False,0,0,0,0,0,1.0,1.0
supported,3,1.3,0.0,0.0,,,False,0,0,0,0,0,1.0,1.0
supported,3,1.35,0.0,0.0,,,False,0,0,0,0,0,1.0,1.0
supported,3,1.4,2.8002029410997693,0.0016053527873592453,3800000110,3800000110,False,0,3,5,0,0,1.0,1.0
supported,3,1.45,2.0275180333851495,0.0011616923827749998,3800000110,3800000110,False,0,3,5,0,0,1.0,1.0
supported,3,1.5,1.254833125670757,0.0007185516269762267,3800000110,3800000110,False,0,3,5,0,0,1.0,1.0
supported,3,1.55,0.7301850651303994,0.0004178791312173822,3800000110,3800000110,False,0,1,7,0,0,1.0,1.0
supported,3,1.6,0.6899190603892293,0.0003946042555389178,3800000110,3800000110,False,0,0,8,0,0,1.0,1.0
supported,3,1.65,1.3905775962275584,0.0007947006347922915,3800000110|3800000120,3800000110|3800000120,False,0,0,16,0,0,1.0,1.0
supported,3,1.7,1.6877264955046485,0.0009568613844278226,3800000110|3800000120,3800000110|3800000120,False,0,0,14,0,0,1.0,1.0
supported,3,1.75,1.6216555442406388,0.0009112299752686152,3800000110|3800000120,3800000110|3800000120,False,0,0,12,0,0,1.0,1.0
supported,3,1.8,1.57032779327983,0.0008746140400745684,3800000110|3800000120,3800000110|3800000120,False,0,0,12,0,0,1.0,1.0
supported,3,1.85,8.078298122604338,0.004475222819562114,1600066510|3800000110|3800000120,1600066510|3800000110|3800000120,False,0,3,17,1,4,1.0,0.6666666666666666
supported,3,1.9,5.08311677924803,0.0027805706951061298,1600066510|3800000110|3800000120,1600066510|3800000110|3800000120,False,0,1,19,1,4,1.0,1.0
supported,3,1.95,4.750149364908793,0.0025564463126318366,1600066510|3800000110|3800000120,1600066510|3800000110|3800000120,False,0,0,20,1,4,1.0,1.0
supported,3,2.0,4.660574785868221,0.0024683562667889764,1600066510|3800000110|3800000120,1600066510|3800000110|3800000120,False,0,0,16,1,4,1.0,1.0
supported,3,2.05,4.60850241494154,0.0024025749747718234,1600066510|3800000110|3800000120,1600066510|3800000110|3800000120,False,0,0,16,1,4,1.0,1.0
supported,3,2.1,4.57663742033651,0.0023491936069876167,1600066510|3800000110|3800000120,1600066510|3800000110|3800000120,False,0,0,14,2,4,1.0,1.0
supported,3,2.15,9.506305862863428,0.004815936360842777,1600066510|3800000110|3800000120|3800000127,1600066510|3800000110|3800000120|3800000127,False,0,3,19,2,4,1.0,1.0
supported,3,2.2,5.611926017602173,0.002790373204820095,1600066510|3800000110|3800000120|3800000127,1600066510|3800000110|3800000120|3800000127,False,0,0,22,2,4,1.0,1.0
supported,3,2.24,5.576558894602385,0.002732305781500766,1600066510|3800000110|3800000120|3800000127,1600066510|3800000110|3800000120|3800000127,False,0,0,20,2,4,1.0,1.0
supported,3,2.25,5.999921708305465,0.002929662860053631,1600066510|3800000110|3800000120|3800000127,1600066510|3800000110|3800000120|3800000127,False,0,0,18,2,4,1.0,1.0
supported,3,2.3,5.949503804524738,0.0028531111053503,1600066510|3800000110|3800000120|3800000127,1600066510|3800000110|3800000120|3800000127,False,0,0,14,3,4,1.0,1.0
supported,3,2.35,5.917297467549361,0.0027878283660290257,1600066510|3800000110|3800000120|3800000127,1600066510|3800000110|3800000120|3800000127,False,0,0,14,3,4,1.0,1.0
supported,3,2.4,5.9000063107805545,0.002731704907650379,1600066510|3800000110|3800000120|3800000127,1600066510|3800000110|3800000120|3800000127,False,0,0,12,2,4,1.0,1.0
supported,3,2.45,26.891887960274744,0.012357352515350367,1600066510|3800000110|3800000120|3800000127|3800001611,1600066510|3800000110|3800000120|3800000127|3800001611,False,0,3,17,2,4,1.0,1.0
supported,3,2.5,22.84180463949815,0.010294299891314095,1600066510|3800000110|3800000120|3800000127|3800001611,1600066510|3800000110|3800000120|3800000127|3800001611,False,0,3,17,2,4,1.0,1.0
supported,3,2.55,25.90108991213674,0.01148789624644021,1600066510|1600066590|3800000110|3800000120|3800000127|3800001611,1600066510|1600066590|3800000110|3800000120|3800000127|3800001520|3800001611,True,1,10,24,5,8,1.0,1.0
supported,3,2.6,16.22375693368849,0.007028870783573011,1600066510|1600066590|3800000110|3800000120|3800000127|3800001611,1600066510|1600066590|3800000110|3800000120|3800000127|3800001520|3800001611,True,1,7,27,5,8,1.0,1.0
supported,3,2.65,10.00496008304708,0.004231793177936671,1600066510|1600066590|1600066610|3800000110|3800000120|3800000127|3800001611,1600066510|1600066590|1600066610|3800000110|3800000120|3800000127|3800001520|3800001611,True,1,8,30,5,8,1.0,1.0
supported,3,2.7,8.334368980486943,0.0034318112437309737,1600066510|1600066590|1600066610|3800000110|3800000120|3800000127|3800001611,1600066510|1600066590|1600066610|3800000110|3800000120|3800000127|3800001520|3800001611,True,1,4,32,6,8,1.0,1.0
supported,3,2.75,9.419719169835844,0.0037806458751211487,1600066510|1600066590|1600066610|3800000110|3800000120|3800000127|3800001520|3800001611,1600066510|1600066590|1600066610|3800000110|3800000120|3800000127|3800001520|3800001611,False,0,3,33,6,8,1.0,1.0
supported,3,2.8,13.08349951612945,0.005126690458583907,1600066510|1600066590|1600066610|3800000110|3800000120|3800000127|3800001520|3800001611,1600066510|1600066590|1600066610|3800000110|3800000120|3800000127|3800001520|3800001611,False,0,2,34,7,8,1.0,0.875
supported,3,2.85,18.003876783689066,0.006894440426151872,1600066510|1600066590|1600066610|3800000110|3800000120|3800000127|3800001520|3800001611,1600066510|1600066590|1600066610|3800000110|3800000120|3800000127|3800001520|3800001611,False,0,1,33,7,8,1.0,1.0
supported,3,2.9,9.33268154009238,0.0034749297829066057,1600066510|1600066590|1600066610|3800000110|3800000120|3800000127|3800001520|3800001611,1600066510|1600066590|1600066610|3800000110|3800000120|3800000127|3800001520|3800001611,False,0,0,26,8,8,1.0,1.0
supported,3,2.95,6.731306753992612,0.0024388134539735287,1600066510|1600066590|1600066610|3800000110|3800000120|3800000127|3800001520|3800001611,1600066510|1600066590|1600066610|3800000110|3800000120|3800000127|3800001520|3800001611,False,0,0,18,8,8,1.0,1.0
supported,3,3.0,6.726155620415739,0.0023730180088660834,1600066510|1600066590|1600066610|3800000110|3800000120|3800000127|3800001520|3800001611,1600066510|1600066590|1600066610|3800000110|3800000120|3800000127|3800001520|3800001611,False,0,0,18,8,8,1.0,1.0
supported,3,3.05,6.7210044868397745,0.002310586381801555,1600066510|1600066590|1600066610|3800000110|3800000120|3800000127|3800001520|3800001611,1600066510|1600066590|1600066610|3800000110|3800000120|3800000127|3800001520|3800001611,False,0,0,18,8,8,1.0,1.0
supported,3,3.1,6.715853353262446,0.0022512670379056464,1600066510|1600066590|1600066610|3800000110|3800000120|3800000127|3800001520|3800001611,1600066510|1600066590|1600066610|3800000110|3800000120|3800000127|3800001520|3800001611,False,0,0,18,8,8,1.0,1.0
supported,3,3.15,6.710702219685118,0.002194832910973945,1600066510|1600066590|1600066610|3800000110|3800000120|3800000127|3800001520|3800001611,1600066510|1600066590|1600066610|3800000110|3800000120|3800000127|3800001520|3800001611,False,0,0,18,8,8,1.0,1.0
supported,3,3.2,6.705551086107334,0.0021410784987979784,1600066510|1600066590|1600066610|3800000110|3800000120|3800000127|3800001520|3800001611,1600066510|1600066590|1600066610|3800000110|3800000120|3800000127|3800001520|3800001611,False,0,0,18,8,8,1.0,1.0
supported,8,1.2,0.0,0.0,,,False,0,0,0,0,0,1.0,1.0
supported,8,1.25,0.0,0.0,,,False,0,0,0,0,0,1.0,1.0
supported,8,1.3,0.0,0.0,,,False,0,0,0,0,0,1.0,1.0
supported,8,1.35,0.0,0.0,,,False,0,0,0,0,0,1.0,1.0
supported,8,1.4,2.8002029410997693,0.0016053527873592453,3800000110,3800000110,False,0,3,5,0,0,1.0,1.0
supported,8,1.45,2.0275180333851495,0.0011616923827749998,3800000110,3800000110,False,0,3,5,0,0,1.0,1.0
supported,8,1.5,1.254833125670757,0.0007185516269762267,3800000110,3800000110,False,0,3,5,0,0,1.0,1.0
supported,8,1.55,0.7301850651303994,0.0004178791312173822,3800000110,3800000110,False,0,1,7,0,0,1.0,1.0
supported,8,1.6,0.6899190603892293,0.0003946042555389178,3800000110,3800000110,False,0,0,8,0,0,1.0,1.0
supported,8,1.65,1.3905775962275584,0.0007947006347922915,3800000110|3800000120,3800000110|3800000120,False,0,0,16,0,0,1.0,1.0
supported,8,1.7,1.6877264955046485,0.0009568613844278226,3800000110|3800000120,3800000110|3800000120,False,0,0,14,0,0,1.0,1.0
supported,8,1.75,1.6216555442406388,0.0009112299752686152,3800000110|3800000120,3800000110|3800000120,False,0,0,12,0,0,1.0,1.0
supported,8,1.8,1.57032779327983,0.0008746140400745684,3800000110|3800000120,3800000110|3800000120,False,0,0,12,0,0,1.0,1.0
supported,8,1.85,8.078298122604338,0.004475222819562114,1600066510|3800000110|3800000120,1600066510|3800000110|3800000120,False,0,3,17,0,0,1.0,0.6666666666666666
supported,8,1.9,5.08311677924803,0.0027805706951061298,1600066510|3800000110|3800000120,1600066510|3800000110|3800000120,False,0,1,19,0,0,1.0,1.0
supported,8,1.95,4.750149364908793,0.0025564463126318366,1600066510|3800000110|3800000120,1600066510|3800000110|3800000120,False,0,0,20,0,0,1.0,1.0
supported,8,2.0,4.660574785868221,0.0024683562667889764,1600066510|3800000110|3800000120,1600066510|3800000110|3800000120,False,0,0,16,0,0,1.0,1.0
supported,8,2.05,4.60850241494154,0.0024025749747718234,1600066510|3800000110|3800000120,1600066510|3800000110|3800000120,False,0,0,16,0,0,1.0,1.0
supported,8,2.1,4.57663742033651,0.0023491936069876167,1600066510|3800000110|3800000120,1600066510|3800000110|3800000120,False,0,0,14,0,0,1.0,1.0
supported,8,2.15,10.578637192407541,0.005361015965223326,1600066510|3800000110|3800000120|3800000127,1600066510|3800000110|3800000120|3800000127,False,0,3,19,0,0,1.0,1.0
supported,8,2.2,6.6447836983995785,0.003304981512571222,1600066510|3800000110|3800000120|3800000127,1600066510|3800000110|3800000120|3800000127,False,0,0,22,0,0,1.0,1.0
supported,8,2.24,6.582762689208266,0.003226270985056086,1600066510|3800000110|3800000120|3800000127,1600066510|3800000110|3800000120|3800000127,False,0,0,20,0,0,1.0,1.0
supported,8,2.25,6.571357349554546,0.0032089536998656434,1600066510|3800000110|3800000120|3800000127,1600066510|3800000110|3800000120|3800000127,False,0,0,20,0,0,1.0,1.0
supported,8,2.3,6.5208214260737805,0.003127338092722718,1600066510|3800000110|3800000120|3800000127,1600066510|3800000110|3800000120|3800000127,False,0,0,20,0,0,1.0,1.0
supported,8,2.35,6.482717734495509,0.003054447599384764,1600066510|3800000110|3800000120|3800000127,1600066510|3800000110|3800000120|3800000127,False,0,0,20,0,0,1.0,1.0
supported,8,2.4,6.460544542312618,0.002991450157330765,1600066510|3800000110|3800000120|3800000127,1600066510|3800000110|3800000120|3800000127,False,0,0,18,0,0,1.0,1.0
supported,8,2.45,29.628442859490406,0.01362621578683285,1600066510|3800000110|3800000120|3800000127|3800001611,1600066510|3800000110|3800000120|3800000127|3800001611,False,0,3,23,0,0,1.0,1.0
supported,8,2.5,25.538447527884728,0.011518870142465311,1600066510|3800000110|3800000120|3800000127|3800001611,1600066510|3800000110|3800000120|3800000127|3800001611,False,0,3,23,0,0,1.0,1.0
supported,8,2.55,31.477620039145677,0.013981284801136265,1600066510|1600066590|3800000110|3800000120|3800000127|3800001520|3800001611,1600066510|1600066590|3800000110|3800000120|3800000127|3800001520|3800001611,False,0,9,33,0,0,1.0,1.0
supported,8,2.6,21.77888635381032,0.00944846831415763,1600066510|1600066590|3800000110|3800000120|3800000127|3800001520|3800001611,1600066510|1600066590|3800000110|3800000120|3800000127|3800001520|3800001611,False,0,6,36,0,0,1.0,1.0
supported,8,2.65,19.982628092780487,0.008471672234105929,1600066510|1600066590|1600066610|3800000110|3800000120|3800000127|3800001520|3800001611,1600066510|1600066590|1600066610|3800000110|3800000120|3800000127|3800001520|3800001611,False,0,7,43,1,4,1.0,1.0
supported,8,2.7,18.261699687956934,0.007535936771295992,1600066510|1600066590|1600066610|3800000110|3800000120|3800000127|3800001520|3800001611,1600066510|1600066590|1600066610|3800000110|3800000120|3800000127|3800001520|3800001611,False,0,3,41,1,4,1.0,1.0
supported,8,2.75,17.95836208591936,0.007218555418047255,1600066510|1600066590|1600066610|3800000110|3800000120|3800000127|3800001520|3800001611,1600066510|1600066590|1600066610|3800000110|3800000120|3800000127|3800001520|3800001611,False,0,2,40,1,4,1.0,1.0
supported,8,2.8,23.371156008879097,0.009176254625440595,1600066510|1600066590|1600066610|3800000110|3800000120|3800000127|3800001520|3800001611,1600066510|1600066590|1600066610|3800000110|3800000120|3800000127|3800001520|3800001611,False,0,1,39,1,4,1.0,0.875
supported,8,2.85,31.914863658666945,0.012257332946921395,1600066510|1600066590|1600066610|3800000110|3800000120|3800000127|3800001520|3800001611,1600066510|1600066590|1600066610|3800000110|3800000120|3800000127|3800001520|3800001611,False,0,0,40,1,4,1.0,1.0
supported,8,2.9,24.33191852776281,0.009084696034204713,1600066510|1600066590|1600066610|3800000110|3800000120|3800000127|3800001520|3800001611,1600066510|1600066590|1600066610|3800000110|3800000120|3800000127|3800001520|3800001611,False,0,0,40,1,4,1.0,1.0
supported,8,2.95,21.64435209846488,0.007862249013191215,1600066510|1600066590|1600066610|3800000110|3800000120|3800000127|3800001520|3800001611,1600066510|1600066590|1600066610|3800000110|3800000120|3800000127|3800001520|3800001611,False,0,0,38,1,4,1.0,1.0
supported,8,3.0,21.5434940012301,0.007619133299113009,1600066510|1600066590|1600066610|3800000110|3800000120|3800000127|3800001520|3800001611,1600066510|1600066590|1600066610|3800000110|3800000120|3800000127|3800001520|3800001611,False,0,0,38,1,4,1.0,1.0
supported,8,3.05,21.479945185344604,0.007401372741948821,1600066510|1600066590|1600066610|3800000110|3800000120|3800000127|3800001520|3800001611,1600066510|1600066590|1600066610|3800000110|3800000120|3800000127|3800001520|3800001611,False,0,0,38,1,4,1.0,1.0
supported,8,3.1,21.46069699176178,0.007209409589333909,1600066510|1600066590|1600066610|3800000110|3800000120|3800000127|3800001520|3800001611,1600066510|1600066590|1600066610|3800000110|3800000120|3800000127|3800001520|3800001611,False,0,0,36,2,4,1.0,1.0
supported,8,3.15,21.453991728146775,0.007030943928929237,1600066510|1600066590|1600066610|3800000110|3800000120|3800000127|3800001520|3800001611,1600066510|1600066590|1600066610|3800000110|3800000120|3800000127|3800001520|3800001611,False,0,0,36,2,4,1.0,1.0
supported,8,3.2,21.469799719334333,0.006868198869978641,1600066510|1600066590|1600066610|3800000110|3800000120|3800000127|3800001520|3800001611,1600066510|1600066590|1600066610|3800000110|3800000120|3800000127|3800001520|3800001611,False,0,0,36,2,4,1.0,1.0
unrestricted,1,1.2,0.0,0.0,,,False,0,0,0,0,0,1.0,1.0
unrestricted,1,1.25,0.0,0.0,,,False,0,0,0,0,0,1.0,1.0
unrestricted,1,1.3,0.0,0.0,,,False,0,0,0,0,0,1.0,1.0
unrestricted,1,1.35,0.0,0.0,,,False,0,0,0,0,0,1.0,1.0
unrestricted,1,1.4,8.340896718343174,0.004796358944371545,3800000110,3800000110,False,0,3,5,1,4,0.0,0.0
unrestricted,1,1.45,4.730775287469214,0.002712879215789563,3800000110,3800000110,False,0,3,5,1,4,0.0,0.0
unrestricted,1,1.5,2.1656528663636436,0.0012384814322174734,3800000110,3800000110,False,0,0,8,4,4,0.0,0.0
unrestricted,1,1.55,2.1176243872641862,0.0012076897888395968,3800000110,3800000110,False,0,0,8,4,4,0.0,0.0
unrestricted,1,1.6,2.069595908164956,0.0011770667869371286,3800000110,3800000110,False,0,0,8,4,4,0.0,0.0
unrestricted,1,1.65,2.031311959743789,0.0011517447392914045,3800000110|3800000120,3800000110|3800000120,False,0,0,10,8,8,0.5,0.5
unrestricted,1,1.7,2.0214865964253477,0.001140371895391298,3800000110|3800000120,3800000110|3800000120,False,0,0,6,8,8,0.5,0.5
unrestricted,1,1.75,2.011992975870953,0.0011292998117443157,3800000110|3800000120,3800000110|3800000120,False,0,0,6,8,8,0.5,0.5
unrestricted,1,1.8,2.002499355316104,0.0011183386979413516,3800000110|3800000120,3800000110|3800000120,False,0,0,6,8,8,0.5,0.5
unrestricted,1,1.85,7.056131255627179,0.003932061598167007,3800000110|3800000120,1600066510|3800000110|3800000120,True,1,4,10,8,12,0.5,0.3333333333333333
unrestricted,1,1.9,2.021903891404463,0.0011177084776986229,1600066510|3800000110|3800000120,1600066510|3800000110|3800000120,False,0,3,21,9,12,0.3333333333333333,0.3333333333333333
unrestricted,1,1.95,0.4683771983782208,0.000256865577973242,1600066510|3800000110|3800000120,1600066510|3800000110|3800000120,False,0,0,16,12,12,0.3333333333333333,0.3333333333333333
unrestricted,1,2.0,0.46519852876667755,0.0002531150330084095,1600066510|3800000110|3800000120,1600066510|3800000110|3800000120,False,0,0,16,12,12,0.3333333333333333,0.3333333333333333
unrestricted,1,2.05,0.4620198591546796,0.00024942304614317476,1600066510|3800000110|3800000120,1600066510|3800000110|3800000120,False,0,0,16,12,12,0.3333333333333333,0.3333333333333333
unrestricted,1,2.1,0.45884118954313635,0.0002457882565801298,1600066510|3800000110|3800000120,1600066510|3800000110|3800000120,False,0,0,16,12,12,0.3333333333333333,0.3333333333333333
unrestricted,1,2.15,0.45566251993204787,0.0002422093453610019,1600066510|3800000110|3800000120,1600066510|3800000110|3800000120,False,0,0,16,12,12,0.3333333333333333,0.3333333333333333
unrestricted,1,2.2,0.4524838503200499,0.0002386850337706764,1600066510|3800000110|3800000120,1600066510|3800000110|3800000120,False,0,0,16,12,12,0.3333333333333333,0.3333333333333333
unrestricted,1,2.24,0.4499409146310427,0.00023590406169246,1600066510|3800000110|3800000120,1600066510|3800000110|3800000120,False,0,0,16,12,12,0.3333333333333333,0.3333333333333333
unrestricted,1,2.25,0.44930518070850667,0.00023521408181609137,1600066510|3800000110|3800000120,1600066510|3800000110|3800000120,False,0,0,16,12,12,0.3333333333333333,0.3333333333333333
unrestricted,1,2.3,0.44612651109696344,0.0002317952867692144,1600066510|3800000110|3800000120,1600066510|3800000110|3800000120,False,0,0,16,12,12,0.3333333333333333,0.3333333333333333
unrestricted,1,2.35,0.4429478414854202,0.00022842748177872993,1600066510|3800000110|3800000120,1600066510|3800000110|3800000120,False,0,0,16,12,12,0.3333333333333333,0.3333333333333333
unrestricted,1,2.4,0.4397691718736496,0.0002251095345418724,1600066510|3800000110|3800000120,1600066510|3800000110|3800000120,False,0,0,16,12,12,0.3333333333333333,0.3333333333333333
unrestricted,1,2.45,0.4365905022621064,0.00022184034603562225,1600066510|3800000110|3800000120,1600066510|3800000110|3800000120,False,0,0,16,12,12,0.3333333333333333,0.3333333333333333
unrestricted,1,2.5,1.4698009045916933,0.0007417754325354718,1600066510|3800000110|3800000120,1600066510|3800000110|3800000120,False,0,0,24,12,12,0.3333333333333333,0.3333333333333333
unrestricted,1,2.55,1.459838335355471,0.0007314072737173677,1600066510|3800000110|3800000120,1600066510|3800000110|3800000120,False,0,0,24,12,12,0.3333333333333333,0.3333333333333333
unrestricted,1,2.6,1.449875766118339,0.0007211883393198674,1600066510|3800000110|3800000120,1600066510|3800000110|3800000120,False,0,0,24,12,12,0.3333333333333333,0.3333333333333333
unrestricted,1,2.65,1.4399131968814345,0.0007111154307776,1600066510|3800000110|3800000120,1600066510|3800000110|3800000120,False,0,0,24,12,12,0.3333333333333333,0.3333333333333333
unrestricted,1,2.7,1.4299506276447573,0.0007011854402894308,1600066510|3800000110|3800000120,1600066510|3800000110|3800000120,False,0,0,24,12,12,0.3333333333333333,0.3333333333333333
unrestricted,1,2.75,1.4199880584078528,0.0006913953476219848,1600066510|3800000110|3800000120,1600066510|3800000110|3800000120,False,0,0,24,12,12,0.3333333333333333,0.3333333333333333
unrestricted,1,2.8,1.410025489171403,0.0006817422170477622,1600066510|3800000110|3800000120,1600066510|3800000110|3800000120,False,0,0,24,12,12,0.3333333333333333,0.3333333333333333
unrestricted,1,2.85,1.4000629199340437,0.000672223194408575,1600066510|3800000110|3800000120,1600066510|3800000110|3800000120,False,0,0,24,12,12,0.3333333333333333,0.3333333333333333
unrestricted,1,2.9,1.3901003506980487,0.0006628355043047601,1600066510|3800000110|3800000120,1600066510|3800000110|3800000120,False,0,0,24,12,12,0.3333333333333333,0.3333333333333333
unrestricted,1,2.95,1.3801377814611442,0.0006535764473933636,1600066510|3800000110|3800000120,1600066510|3800000110|3800000120,False,0,0,24,12,12,0.3333333333333333,0.3333333333333333
unrestricted,1,3.0,1.3701752122242397,0.0006444433978041216,1600066510|3800000110|3800000120,1600066510|3800000110|3800000120,False,0,0,24,12,12,0.3333333333333333,0.3333333333333333
unrestricted,1,3.05,1.3602126429877899,0.0006354338006549148,1600066510|3800000110|3800000120,1600066510|3800000110|3800000120,False,0,0,24,12,12,0.3333333333333333,0.3333333333333333
unrestricted,1,3.1,1.3502500737504306,0.0006265451696683519,1600066510|3800000110|3800000120,1600066510|3800000110|3800000120,False,0,0,24,12,12,0.3333333333333333,0.3333333333333333
unrestricted,1,3.15,1.3402875045139808,0.0006177750848866525,1600066510|3800000110|3800000120,1600066510|3800000110|3800000120,False,0,0,24,12,12,0.3333333333333333,0.3333333333333333
unrestricted,1,3.2,1.3303249352766215,0.0006091211904719348,1600066510|3800000110|3800000120,1600066510|3800000110|3800000120,False,0,0,24,12,12,0.3333333333333333,0.3333333333333333
unrestricted,2,1.2,0.0,0.0,,,False,0,0,0,0,0,1.0,1.0
unrestricted,2,1.25,0.0,0.0,,,False,0,0,0,0,0,1.0,1.0
unrestricted,2,1.3,0.0,0.0,,,False,0,0,0,0,0,1.0,1.0
unrestricted,2,1.35,0.0,0.0,,,False,0,0,0,0,0,1.0,1.0
unrestricted,2,1.4,8.340896718343174,0.004796358944371545,3800000110,3800000110,False,0,3,5,0,0,0.0,0.0
unrestricted,2,1.45,4.730775287469214,0.002712879215789563,3800000110,3800000110,False,0,3,5,0,0,0.0,0.0
unrestricted,2,1.5,2.1656528663636436,0.0012384814322174734,3800000110,3800000110,False,0,0,8,0,0,0.0,0.0
unrestricted,2,1.55,2.1176243872641862,0.0012076897888395968,3800000110,3800000110,False,0,0,8,0,0,0.0,0.0
unrestricted,2,1.6,2.069595908164956,0.0011770667869371286,3800000110,3800000110,False,0,0,8,0,0,0.0,0.0
unrestricted,2,1.65,2.6655971226693964,0.0015115477252246343,3800000110|3800000120,3800000110|3800000120,False,0,0,16,3,4,0.5,0.5
unrestricted,2,1.7,2.6061993850071303,0.001470366695571483,3800000110|3800000120,3800000110|3800000120,False,0,0,14,3,4,0.5,0.5
unrestricted,2,1.75,2.5680052240693385,0.0014415037305417165,3800000110|3800000120,3800000110|3800000120,False,0,0,12,4,4,0.5,0.5
unrestricted,2,1.8,2.540904700597139,0.0014191266727754876,3800000110|3800000120,3800000110|3800000120,False,0,0,10,3,4,0.5,0.5
unrestricted,2,1.85,9.152994504292565,0.005105055134317411,1600066510|3800000110|3800000120,1600066510|3800000110|3800000120,False,0,3,15,2,4,0.3333333333333333,0.3333333333333333
unrestricted,2,1.9,4.992300401210741,0.0027620886037696625,1600066510|3800000110|3800000120,1600066510|3800000110|3800000120,False,0,3,15,2,4,0.3333333333333333,0.3333333333333333
unrestricted,2,1.95,3.5705740803086883,0.001959758654799712,1600066510|3800000110|3800000120,1600066510|3800000110|3800000120,False,0,0,18,3,4,0.3333333333333333,0.3333333333333333
unrestricted,2,2.0,3.544971882502523,0.0019303343011665643,1600066510|3800000110|3800000120,1600066510|3800000110|3800000120,False,0,0,16,3,4,0.3333333333333333,0.3333333333333333
unrestricted,2,2.05,3.524593991279744,0.0019041937215079892,1600066510|3800000110|3800000120,1600066510|3800000110|3800000120,False,0,0,14,3,4,0.3333333333333333,0.3333333333333333
unrestricted,2,2.1,3.5147109489441846,0.0018840856066296783,1600066510|3800000110|3800000120,1600066510|3800000110|3800000120,False,0,0,14,3,4,0.3333333333333333,0.3333333333333333
unrestricted,2,2.15,6.906656391064416,0.0036804480600679495,1600066510|3800000110|3800000120,1600066510|3800000110|3800000120|3800000127,True,1,4,18,3,8,0.3333333333333333,0.5
unrestricted,2,2.2,4.419325039704972,0.002333418514851384,1600066510|3800000110|3800000120|3800000127,1600066510|3800000110|3800000120|3800000127,False,0,3,17,4,8,0.5,0.5
unrestricted,2,2.24,3.4870384304047093,0.0018277751774871454,1600066510|3800000110|3800000120|3800000127,1600066510|3800000110|3800000120|3800000127,False,0,0,14,6,8,0.5,0.5
unrestricted,2,2.25,3.4850618219375065,0.0018234231663679557,1600066510|3800000110|3800000120|3800000127,1600066510|3800000110|3800000120|3800000127,False,0,0,14,6,8,0.5,0.5
unrestricted,2,2.3,3.4751787796021745,0.0018018979757978009,1600066510|3800000110|3800000120|3800000127,1600066510|3800000110|3800000120|3800000127,False,0,0,14,6,8,0.5,0.5
unrestricted,2,2.35,3.465295737266615,0.0017807565501744805,1600066510|3800000110|3800000120|3800000127,1600066510|3800000110|3800000120|3800000127,False,0,0,14,6,8,0.5,0.5
unrestricted,2,2.4,3.4554126949310557,0.0017599887171649764,1600066510|3800000110|3800000120|3800000127,1600066510|3800000110|3800000120|3800000127,False,0,0,14,6,8,0.5,0.5
unrestricted,2,2.45,16.812152427911315,0.008545819079010678,1600066510|3800000110|3800000120|3800000127,1600066510|3800000110|3800000120|3800000127|3800001611,True,1,4,18,6,8,0.5,0.4
unrestricted,2,2.5,13.819408686160614,0.006952722694646656,1600066510|3800000110|3800000120|3800000127,1600066510|3800000110|3800000120|3800000127|3800001611,True,1,4,24,6,8,0.5,0.4
unrestricted,2,2.55,14.13401773381247,0.007048126768244553,1600066510|3800000110|3800000120|3800000127|3800001611,1600066510|1600066590|3800000110|3800000120|3800000127|3800001611,True,1,7,27,7,12,0.4,0.3333333333333333
unrestricted,2,2.6,7.782118819872494,0.0038331928586439134,1600066510|1600066590|3800000110|3800000120|3800000127|3800001611,1600066510|1600066590|3800000110|3800000120|3800000127|3800001611,False,0,6,28,8,12,0.3333333333333333,0.3333333333333333
unrestricted,2,2.65,3.670321019410949,0.0017860211266560917,1600066510|1600066590|3800000110|3800000120|3800000127|3800001611,1600066510|1600066590|3800000110|3800000120|3800000127|3800001611,False,0,3,19,9,12,0.3333333333333333,0.3333333333333333
unrestricted,2,2.7,1.1626279806296225,0.0005589931272917137,1600066510|1600066590|3800000110|3800000120|3800000127|3800001611,1600066510|1600066590|3800000110|3800000120|3800000127|3800001611,False,0,2,18,10,12,0.3333333333333333,0.3333333333333333
unrestricted,2,2.75,1.1833004069330855,0.000562219352789283,1600066510|1600066590|1600066610|3800000110|3800000120|3800000127|3800001611,1600066510|1600066590|3800000110|3800000120|3800000127|3800001611,True,1,6,22,12,12,0.2857142857142857,0.3333333333333333
unrestricted,2,2.8,1.7473625777565758,0.0008205392439372893,1600066510|1600066590|1600066610|3800000110|3800000120|3800000127|3800001611,1600066510|1600066590|3800000110|3800000120|3800000127|3800001611,True,1,6,22,12,12,0.2857142857142857,0.3333333333333333
unrestricted,2,2.85,2.311424748580066,0.0010729036002839426,1600066510|1600066590|1600066610|3800000110|3800000120|3800000127|3800001611,1600066510|1600066590|3800000110|3800000120|3800000127|3800001611,True,1,6,22,12,12,0.2857142857142857,0.3333333333333333
unrestricted,2,2.9,2.875486919404011,0.0013195160309718026,1600066510|1600066590|1600066610|3800000110|3800000120|3800000127|3800001611,1600066510|1600066590|3800000110|3800000120|3800000127|3800001611,True,1,6,22,12,12,0.2857142857142857,0.3333333333333333
unrestricted,2,2.95,3.439549090226592,0.001560570968342622,1600066510|1600066590|1600066610|3800000110|3800000120|3800000127|3800001611,1600066510|1600066590|3800000110|3800000120|3800000127|3800001611,True,1,6,22,12,12,0.2857142857142857,0.3333333333333333
unrestricted,2,3.0,4.003611261050537,0.0017962541791855353,1600066510|1600066590|1600066610|3800000110|3800000120|3800000127|3800001611,1600066510|1600066590|3800000110|3800000120|3800000127|3800001611,True,1,6,22,12,12,0.2857142857142857,0.3333333333333333
unrestricted,2,3.05,4.567673431874027,0.00202674324217646,1600066510|1600066590|1600066610|3800000110|3800000120|3800000127|3800001611,1600066510|1600066590|3800000110|3800000120|3800000127|3800001611,True,1,6,22,12,12,0.2857142857142857,0.3333333333333333
unrestricted,2,3.1,5.131735602697063,0.0022522079941019353,1600066510|1600066590|1600066610|3800000110|3800000120|3800000127|3800001611,1600066510|1600066590|3800000110|3800000120|3800000127|3800001611,True,1,6,22,12,12,0.2857142857142857,0.3333333333333333
unrestricted,2,3.15,5.695797773520553,0.002472810947213418,1600066510|1600066590|1600066610|3800000110|3800000120|3800000127|3800001611,1600066510|1600066590|3800000110|3800000120|3800000127|3800001611,True,1,6,22,12,12,0.2857142857142857,0.3333333333333333
unrestricted,2,3.2,6.2598599443440435,0.0026887076798701747,1600066510|1600066590|1600066610|3800000110|3800000120|3800000127|3800001611,1600066510|1600066590|3800000110|3800000120|3800000127|3800001611,True,1,6,22,12,12,0.2857142857142857,0.3333333333333333
unrestricted,3,1.2,0.0,0.0,,,False,0,0,0,0,0,1.0,1.0
unrestricted,3,1.25,0.0,0.0,,,False,0,0,0,0,0,1.0,1.0
unrestricted,3,1.3,0.0,0.0,,,False,0,0,0,0,0,1.0,1.0
unrestricted,3,1.35,0.0,0.0,,,False,0,0,0,0,0,1.0,1.0
unrestricted,3,1.4,8.340896718343174,0.004796358944371545,3800000110,3800000110,False,0,3,5,0,0,0.0,0.0
unrestricted,3,1.45,4.730775287469214,0.002712879215789563,3800000110,3800000110,False,0,3,5,0,0,0.0,0.0
unrestricted,3,1.5,2.1656528663636436,0.0012384814322174734,3800000110,3800000110,False,0,0,8,0,0,0.0,0.0
unrestricted,3,1.55,2.1176243872641862,0.0012076897888395968,3800000110,3800000110,False,0,0,8,0,0,0.0,0.0
unrestricted,3,1.6,2.069595908164956,0.0011770667869371286,3800000110,3800000110,False,0,0,8,0,0,0.0,0.0
unrestricted,3,1.65,2.6655971226693964,0.0015115477252246343,3800000110|3800000120,3800000110|3800000120,False,0,0,16,0,0,0.5,0.5
unrestricted,3,1.7,2.6061993850071303,0.001470366695571483,3800000110|3800000120,3800000110|3800000120,False,0,0,14,0,0,0.5,0.5
unrestricted,3,1.75,2.5680052240693385,0.0014415037305417165,3800000110|3800000120,3800000110|3800000120,False,0,0,12,0,0,0.5,0.5
unrestricted,3,1.8,2.540904700597139,0.0014191266727754876,3800000110|3800000120,3800000110|3800000120,False,0,0,10,0,0,0.5,0.5
unrestricted,3,1.85,10.250448634306622,0.005719465700826341,1600066510|3800000110|3800000120,1600066510|3800000110|3800000120,False,0,3,15,1,4,0.3333333333333333,0.3333333333333333
unrestricted,3,1.9,6.053545763015563,0.003350533827799856,1600066510|3800000110|3800000120,1600066510|3800000110|3800000120,False,0,3,15,1,4,0.3333333333333333,0.3333333333333333
unrestricted,3,1.95,4.59561067390473,0.002523289688441972,1600066510|3800000110|3800000120,1600066510|3800000110|3800000120,False,0,0,18,2,4,0.3333333333333333,0.3333333333333333
unrestricted,3,2.0,4.529511847496451,0.002467303973062359,1600066510|3800000110|3800000120,1600066510|3800000110|3800000120,False,0,0,18,2,4,0.3333333333333333,0.3333333333333333
unrestricted,3,2.05,4.473171677271694,0.0024174718802509225,1600066510|3800000110|3800000120,1600066510|3800000110|3800000120,False,0,0,16,1,4,0.3333333333333333,0.3333333333333333
unrestricted,3,2.1,4.440005536556555,0.002380843169777125,1600066510|3800000110|3800000120,1600066510|3800000110|3800000120,False,0,0,14,2,4,0.3333333333333333,0.3333333333333333
unrestricted,3,2.15,7.964947119236058,0.004245655744340242,1600066510|3800000110|3800000120|3800000127,1600066510|3800000110|3800000120|3800000127,False,0,3,19,2,4,0.5,0.5
unrestricted,3,2.2,5.8022131288846595,0.0030644452755025373,1600066510|3800000110|3800000120|3800000127,1600066510|3800000110|3800000120|3800000127,False,0,3,19,2,4,0.5,0.5
unrestricted,3,2.24,4.977418492253719,0.0026096710276439145,1600066510|3800000110|3800000120|3800000127,1600066510|3800000110|3800000120|3800000127,False,0,0,22,3,4,0.5,0.5
unrestricted,3,2.25,4.971618258555964,0.002601889522258821,1600066510|3800000110|3800000120|3800000127,1600066510|3800000110|3800000120|3800000127,False,0,0,22,3,4,0.5,0.5
unrestricted,3,2.3,4.944988200029002,0.0025646324493917836,1600066510|3800000110|3800000120|3800000127,1600066510|3800000110|3800000120|3800000127,False,0,0,20,3,4,0.5,0.5
unrestricted,3,2.35,4.924039739290947,0.00253096118027765,1600066510|3800000110|3800000120|3800000127,1600066510|3800000110|3800000120|3800000127,False,0,0,20,3,4,0.5,0.5
unrestricted,3,2.4,4.903091278552893,0.002497885997895527,1600066510|3800000110|3800000120|3800000127,1600066510|3800000110|3800000120|3800000127,False,0,0,20,3,4,0.5,0.5
unrestricted,3,2.45,21.557782056808037,0.010978729150363993,1600066510|3800000110|3800000120|3800000127,1600066510|3800000110|3800000120|3800000127|3800001611,True,1,4,24,3,4,0.5,0.4
unrestricted,3,2.5,18.323803810278605,0.009233482465897076,1600066510|3800000110|3800000120|3800000127|3800001611,1600066510|3800000110|3800000120|3800000127|3800001611,False,0,3,19,3,4,0.4,0.4
unrestricted,3,2.55,20.093778406937645,0.010042046970997972,1600066510|3800000110|3800000120|3800000127|3800001611,1600066510|1600066590|3800000110|3800000120|3800000127|3800001611,True,1,7,21,2,8,0.4,0.3333333333333333
unrestricted,3,2.6,14.140840439637486,0.006980176378275847,1600066510|1600066590|3800000110|3800000120|3800000127|3800001611,1600066510|1600066590|3800000110|3800000120|3800000127|3800001611,False,0,6,20,3,8,0.3333333333333333,0.3333333333333333
unrestricted,3,2.65,13.589812747159613,0.006637096193333488,1600066510|1600066590|3800000110|3800000120|3800000127|3800001611,1600066510|1600066590|1600066610|3800000110|3800000120|3800000127|3800001611,True,1,7,27,5,8,0.3333333333333333,0.2857142857142857
unrestricted,3,2.7,10.02673329893696,0.004834821387902461,1600066510|1600066590|1600066610|3800000110|3800000120|3800000127|3800001611,1600066510|1600066590|1600066610|3800000110|3800000120|3800000127|3800001520|3800001611,True,1,9,31,5,8,0.2857142857142857,0.25
unrestricted,3,2.75,7.915001127521009,0.0037620181128387763,1600066510|1600066590|1600066610|3800000110|3800000120|3800000127|3800001611,1600066510|1600066590|1600066610|3800000110|3800000120|3800000127|3800001520|3800001611,True,1,4,32,6,8,0.2857142857142857,0.25
unrestricted,3,2.8,9.71681992006279,0.004559171071005255,1600066510|1600066590|1600066610|3800000110|3800000120|3800000127|3800001611,1600066510|1600066590|1600066610|3800000110|3800000120|3800000127|3800001520|3800001611,True,1,4,32,6,8,0.2857142857142857,0.25
unrestricted,3,2.85,9.158453141761584,0.00423800555097933,1600066510|1600066590|1600066610|3800000110|3800000120|3800000127|3800001520|3800001611,1600066510|1600066590|1600066610|3800000110|3800000120|3800000127|3800001520|3800001611,False,0,3,33,6,8,0.25,0.25
unrestricted,3,2.9,5.924619516007169,0.0027001650359593254,1600066510|1600066590|1600066610|3800000110|3800000120|3800000127|3800001520|3800001611,1600066510|1600066590|1600066610|3800000110|3800000120|3800000127|3800001520|3800001611,False,0,2,28,7,8,0.25,0.25
unrestricted,3,2.95,4.077451469341668,0.0018306620609034137,1600066510|1600066590|1600066610|3800000110|3800000120|3800000127|3800001520|3800001611,1600066510|1600066590|1600066610|3800000110|3800000120|3800000127|3800001520|3800001611,False,0,0,26,8,8,0.25,0.25
unrestricted,3,3.0,4.132993508180334,0.0018283940428096457,1600066510|1600066590|1600066610|3800000110|3800000120|3800000127|3800001520|3800001611,1600066510|1600066590|1600066610|3800000110|3800000120|3800000127|3800001520|3800001611,False,0,0,18,8,8,0.25,0.25
unrestricted,3,3.05,4.2415407825315015,0.001849301723413591,1600066510|1600066590|1600066610|3800000110|3800000120|3800000127|3800001520|3800001611,1600066510|1600066590|1600066610|3800000110|3800000120|3800000127|3800001520|3800001611,False,0,0,20,8,8,0.25,0.25
unrestricted,3,3.1,4.251438267390313,0.0018272153606354517,1600066510|1600066590|1600066610|3800000110|3800000120|3800000127|3800001520|3800001611,1600066510|1600066590|1600066610|3800000110|3800000120|3800000127|3800001520|3800001611,False,0,0,20,8,8,0.25,0.25
unrestricted,3,3.15,4.263308658361439,0.001806585350959571,1600066510|1600066590|1600066610|3800000110|3800000120|3800000127|3800001520|3800001611,1600066510|1600066590|1600066610|3800000110|3800000120|3800000127|3800001520|3800001611,False,0,0,24,8,8,0.25,0.25
unrestricted,3,3.2,4.2008566422464355,0.0017554686363549065,1600066510|1600066590|1600066610|3800000110|3800000120|3800000127|3800001520|3800001611,1600066510|1600066590|1600066610|3800000110|3800000120|3800000127|3800001520|3800001611,False,0,0,18,8,8,0.25,0.25
unrestricted,8,1.2,0.0,0.0,,,False,0,0,0,0,0,1.0,1.0
unrestricted,8,1.25,0.0,0.0,,,False,0,0,0,0,0,1.0,1.0
unrestricted,8,1.3,0.0,0.0,,,False,0,0,0,0,0,1.0,1.0
unrestricted,8,1.35,0.0,0.0,,,False,0,0,0,0,0,1.0,1.0
unrestricted,8,1.4,8.340896718343174,0.004796358944371545,3800000110,3800000110,False,0,3,5,0,0,0.0,0.0
unrestricted,8,1.45,4.730775287469214,0.002712879215789563,3800000110,3800000110,False,0,3,5,0,0,0.0,0.0
unrestricted,8,1.5,2.1656528663636436,0.0012384814322174734,3800000110,3800000110,False,0,0,8,0,0,0.0,0.0
unrestricted,8,1.55,2.1176243872641862,0.0012076897888395968,3800000110,3800000110,False,0,0,8,0,0,0.0,0.0
unrestricted,8,1.6,2.069595908164956,0.0011770667869371286,3800000110,3800000110,False,0,0,8,0,0,0.0,0.0
unrestricted,8,1.65,2.6655971226693964,0.0015115477252246343,3800000110|3800000120,3800000110|3800000120,False,0,0,16,0,0,0.5,0.5
unrestricted,8,1.7,2.6061993850071303,0.001470366695571483,3800000110|3800000120,3800000110|3800000120,False,0,0,14,0,0,0.5,0.5
unrestricted,8,1.75,2.5680052240693385,0.0014415037305417165,3800000110|3800000120,3800000110|3800000120,False,0,0,12,0,0,0.5,0.5
unrestricted,8,1.8,2.540904700597139,0.0014191266727754876,3800000110|3800000120,3800000110|3800000120,False,0,0,10,0,0,0.5,0.5
unrestricted,8,1.85,10.250448634306622,0.005719465700826341,1600066510|3800000110|3800000120,1600066510|3800000110|3800000120,False,0,3,15,0,0,0.3333333333333333,0.3333333333333333
unrestricted,8,1.9,6.053545763015563,0.003350533827799856,1600066510|3800000110|3800000120,1600066510|3800000110|3800000120,False,0,3,15,0,0,0.3333333333333333,0.3333333333333333
unrestricted,8,1.95,4.59561067390473,0.002523289688441972,1600066510|3800000110|3800000120,1600066510|3800000110|3800000120,False,0,0,18,0,0,0.3333333333333333,0.3333333333333333
unrestricted,8,2.0,4.529511847496451,0.002467303973062359,1600066510|3800000110|3800000120,1600066510|3800000110|3800000120,False,0,0,18,0,0,0.3333333333333333,0.3333333333333333
unrestricted,8,2.05,4.473171677271694,0.0024174718802509225,1600066510|3800000110|3800000120,1600066510|3800000110|3800000120,False,0,0,16,0,0,0.3333333333333333,0.3333333333333333
unrestricted,8,2.1,4.440005536556555,0.002380843169777125,1600066510|3800000110|3800000120,1600066510|3800000110|3800000120,False,0,0,14,0,0,0.3333333333333333,0.3333333333333333
unrestricted,8,2.15,8.71130713605885,0.004644532055312695,1600066510|3800000110|3800000120|3800000127,1600066510|3800000110|3800000120|3800000127,False,0,3,19,0,0,0.5,0.5
unrestricted,8,2.2,6.530698797067316,0.003449931290392893,1600066510|3800000110|3800000120|3800000127,1600066510|3800000110|3800000120|3800000127,False,0,3,19,0,0,0.5,0.5
unrestricted,8,2.24,5.691604681523813,0.002984734191317097,1600066510|3800000110|3800000120|3800000127,1600066510|3800000110|3800000120|3800000127,False,0,0,22,0,0,0.5,0.5
unrestricted,8,2.25,5.682229578098031,0.0029743931283551855,1600066510|3800000110|3800000120|3800000127,1600066510|3800000110|3800000120|3800000127,False,0,0,22,0,0,0.5,0.5
unrestricted,8,2.3,5.63772517093048,0.002924477461084924,1600066510|3800000110|3800000120|3800000127,1600066510|3800000110|3800000120|3800000127,False,0,0,22,0,0,0.5,0.5
unrestricted,8,2.35,5.604183332602361,0.0028810900625153104,1600066510|3800000110|3800000120|3800000127,1600066510|3800000110|3800000120|3800000127,False,0,0,20,0,0,0.5,0.5
unrestricted,8,2.4,5.571326590697026,0.0028388206076241083,1600066510|3800000110|3800000120|3800000127,1600066510|3800000110|3800000120|3800000127,False,0,0,20,0,0,0.5,0.5
unrestricted,8,2.45,23.819673053423685,0.012140585878024966,1600066510|3800000110|3800000120|3800000127|3800001611,1600066510|3800000110|3800000120|3800000127|3800001611,False,0,3,25,0,0,0.4,0.4
unrestricted,8,2.5,21.125545016129763,0.010653760274809477,1600066510|3800000110|3800000120|3800000127|3800001611,1600066510|3800000110|3800000120|3800000127|3800001611,False,0,3,25,0,0,0.4,0.4
unrestricted,8,2.55,24.275525259176902,0.012145276852574629,1600066510|1600066590|3800000110|3800000120|3800000127|3800001611,1600066510|1600066590|3800000110|3800000120|3800000127|3800001611,False,0,6,28,0,0,0.3333333333333333,0.3333333333333333
unrestricted,8,2.6,18.554574325085014,0.00916860508788672,1600066510|1600066590|3800000110|3800000120|3800000127|3800001611,1600066510|1600066590|3800000110|3800000120|3800000127|3800001611,False,0,6,28,0,0,0.3333333333333333,0.3333333333333333
unrestricted,8,2.65,20.086839503288274,0.009827571669861328,1600066510|1600066590|1600066610|3800000110|3800000120|3800000127|3800001611,1600066510|1600066590|1600066610|3800000110|3800000120|3800000127|3800001611,False,0,6,34,0,0,0.2857142857142857,0.2857142857142857
unrestricted,8,2.7,18.225895667474106,0.008807842399877553,1600066510|1600066590|1600066610|3800000110|3800000120|3800000127|3800001520|3800001611,1600066510|1600066590|1600066610|3800000110|3800000120|3800000127|3800001520|3800001611,False,0,8,40,1,4,0.25,0.25
unrestricted,8,2.75,16.34508295814203,0.007785409069980952,1600066510|1600066590|1600066610|3800000110|3800000120|3800000127|3800001520|3800001611,1600066510|1600066590|1600066610|3800000110|3800000120|3800000127|3800001520|3800001611,False,0,3,39,1,4,0.25,0.25
unrestricted,8,2.8,19.35296665541364,0.009103374303194328,1600066510|1600066590|1600066610|3800000110|3800000120|3800000127|3800001520|3800001611,1600066510|1600066590|1600066610|3800000110|3800000120|3800000127|3800001520|3800001611,False,0,3,39,1,4,0.375,0.25
unrestricted,8,2.85,20.471085460966606,0.009499946921737272,1600066510|1600066590|1600066610|3800000110|3800000120|3800000127|3800001520|3800001611,1600066510|1600066590|1600066610|3800000110|3800000120|3800000127|3800001520|3800001611,False,0,3,37,1,4,0.25,0.25
unrestricted,8,2.9,17.521354209329274,0.008007424200022555,1600066510|1600066590|1600066610|3800000110|3800000120|3800000127|3800001520|3800001611,1600066510|1600066590|1600066610|3800000110|3800000120|3800000127|3800001520|3800001611,False,0,2,36,1,4,0.25,0.25
unrestricted,8,2.95,15.740263274305107,0.007085695168207461,1600066510|1600066590|1600066610|3800000110|3800000120|3800000127|3800001520|3800001611,1600066510|1600066590|1600066610|3800000110|3800000120|3800000127|3800001520|3800001611,False,0,0,38,1,4,0.25,0.25
unrestricted,8,3.0,15.667126530918722,0.006948684420695602,1600066510|1600066590|1600066610|3800000110|3800000120|3800000127|3800001520|3800001611,1600066510|1600066590|1600066610|3800000110|3800000120|3800000127|3800001520|3800001611,False,0,0,38,1,4,0.25,0.25
unrestricted,8,3.05,15.597568535440132,0.006817223122747443,1600066510|1600066590|1600066610|3800000110|3800000120|3800000127|3800001520|3800001611,1600066510|1600066590|1600066610|3800000110|3800000120|3800000127|3800001520|3800001611,False,0,0,38,1,4,0.25,0.25
unrestricted,8,3.1,15.53631603093254,0.006693108917041557,1600066510|1600066590|1600066610|3800000110|3800000120|3800000127|3800001520|3800001611,1600066510|1600066590|1600066610|3800000110|3800000120|3800000127|3800001520|3800001611,False,0,0,38,1,4,0.25,0.25
unrestricted,8,3.15,15.475732522520502,0.006572786963062859,1600066510|1600066590|1600066610|3800000110|3800000120|3800000127|3800001520|3800001611,1600066510|1600066590|1600066610|3800000110|3800000120|3800000127|3800001520|3800001611,False,0,0,38,1,4,0.25,0.25
unrestricted,8,3.2,15.423974186211126,0.006459514500289955,1600066510|1600066590|1600066610|3800000110|3800000120|3800000127|3800001520|3800001611,1600066510|1600066590|1600066610|3800000110|3800000120|3800000127|3800001520|3800001611,False,0,0,38,1,4,0.25,0.25
