grid_name,weekly_capacity,alpha,policy,category_value,promotion_count,total_discount_depth,maximum_weekly_promotions,binding_weeks,slot_utilization,active_product_count,active_product_set,supported_promoted_product_share
supported,1,1.2,dynamic,1747.0480117797847,0,0.0,0,0,0.0,0,,1.0
supported,1,1.2,myopic,1747.0480117797847,0,0.0,0,0,0.0,0,,1.0
supported,1,1.25,dynamic,1747.0480117797847,0,0.0,0,0,0.0,0,,1.0
supported,1,1.25,myopic,1747.0480117797847,0,0.0,0,0,0.0,0,,1.0
supported,1,1.3,dynamic,1747.0480117797847,0,0.0,0,0,0.0,0,,1.0
supported,1,1.3,myopic,1747.0480117797847,0,0.0,0,0,0.0,0,,1.0
supported,1,1.35,dynamic,1747.0480117797847,0,0.0,0,0,0.0,0,,1.0
supported,1,1.35,myopic,1747.0480117797847,0,0.0,0,0,0.0,0,,1.0
supported,1,1.4,dynamic,1747.0915282802578,1,0.09,1,1,0.08333333333333333,1,3800000110,1.0
supported,1,1.4,myopic,1744.291325339158,4,0.36,1,4,0.3333333333333333,1,3800000110,1.0
supported,1,1.45,dynamic,1747.3415645470614,1,0.09,1,1,0.08333333333333333,1,3800000110,1.0
supported,1,1.45,myopic,1745.3140465136762,4,0.36,1,4,0.3333333333333333,1,3800000110,1.0
supported,1,1.5,dynamic,1747.5916008138652,1,0.09,1,1,0.08333333333333333,1,3800000110,1.0
supported,1,1.5,myopic,1746.3367676881944,4,0.36,1,4,0.3333333333333333,1,3800000110,1.0
supported,1,1.55,dynamic,1748.089673927843,3,0.27,1,3,0.25,1,3800000110,1.0
supported,1,1.55,myopic,1747.3594888627126,4,0.36,1,4,0.3333333333333333,1,3800000110,1.0
supported,1,1.6,dynamic,1749.0721290976203,4,0.36,1,4,0.3333333333333333,1,3800000110,1.0
supported,1,1.6,myopic,1748.382210037231,4,0.36,1,4,0.3333333333333333,1,3800000110,1.0
supported,1,1.65,dynamic,1750.7565337786268,8,1.81,1,8,0.6666666666666666,2,3800000110|3800000120,1.0
supported,1,1.65,myopic,1750.0069871631852,8,1.56,1,8,0.6666666666666666,2,3800000110|3800000120,1.0
supported,1,1.7,dynamic,1765.0606861797164,8,2.56,1,8,0.6666666666666666,2,3800000110|3800000120,1.0
supported,1,1.7,myopic,1764.0424754571109,8,2.56,1,8,0.6666666666666666,2,3800000110|3800000120,1.0
supported,1,1.75,dynamic,1780.8183381106442,8,2.56,1,8,0.6666666666666666,2,3800000110|3800000120,1.0
supported,1,1.75,myopic,1779.8559966955572,8,2.56,1,8,0.6666666666666666,2,3800000110|3800000120,1.0
supported,1,1.8,dynamic,1796.590733241875,8,2.56,1,8,0.6666666666666666,2,3800000110|3800000120,1.0
supported,1,1.8,myopic,1795.6695179340038,8,2.56,1,8,0.6666666666666666,2,3800000110|3800000120,1.0
supported,1,1.85,dynamic,1812.3631283731054,8,2.56,1,8,0.6666666666666666,2,3800000110|3800000120,1.0
supported,1,1.85,myopic,1807.1767540357498,12,3.56,1,12,1.0,3,1600066510|3800000110|3800000120,0.6666666666666666
supported,1,1.9,dynamic,1831.866291897534,11,4.0600000000000005,1,11,0.9166666666666666,3,1600066510|3800000110|3800000120,1.0
supported,1,1.9,myopic,1829.818130907375,12,4.5600000000000005,1,12,1.0,3,1600066510|3800000110|3800000120,1.0
supported,1,1.95,dynamic,1861.5783508191491,12,4.5600000000000005,1,12,1.0,3,1600066510|3800000110|3800000120,1.0
supported,1,1.95,myopic,1859.7593602264706,12,4.5600000000000005,1,12,1.0,3,1600066510|3800000110|3800000120,1.0
supported,1,2.0,dynamic,1891.454004168509,12,4.5600000000000005,1,12,1.0,3,1600066510|3800000110|3800000120,1.0
supported,1,2.0,myopic,1889.7005895455663,12,4.5600000000000005,1,12,1.0,3,1600066510|3800000110|3800000120,1.0
supported,1,2.05,dynamic,1921.3296575178688,12,4.5600000000000005,1,12,1.0,3,1600066510|3800000110|3800000120,1.0
supported,1,2.05,myopic,1919.6418188646621,12,4.5600000000000005,1,12,1.0,3,1600066510|3800000110|3800000120,1.0
supported,1,2.1,dynamic,1951.2053108672287,12,4.5600000000000005,1,12,1.0,3,1600066510|3800000110|3800000120,1.0
supported,1,2.1,myopic,1949.5830481837577,12,4.5600000000000005,1,12,1.0,3,1600066510|3800000110|3800000120,1.0
supported,1,2.15,dynamic,1981.0809642165887,12,4.5600000000000005,1,12,1.0,3,1600066510|3800000110|3800000120,1.0
supported,1,2.15,myopic,1979.5242775028535,12,4.5600000000000005,1,12,1.0,3,1600066510|3800000110|3800000120,1.0
supported,1,2.2,dynamic,2010.9566175659484,12,4.5600000000000005,1,12,1.0,3,1600066510|3800000110|3800000120,1.0
supported,1,2.2,myopic,2009.4655068219488,12,4.5600000000000005,1,12,1.0,3,1600066510|3800000110|3800000120,1.0
supported,1,2.24,dynamic,2034.8571402454365,12,4.5600000000000005,1,12,1.0,3,1600066510|3800000110|3800000120,1.0
supported,1,2.24,myopic,2033.4184902772258,12,4.5600000000000005,1,12,1.0,3,1600066510|3800000110|3800000120,1.0
supported,1,2.25,dynamic,2040.832270915308,12,4.5600000000000005,1,12,1.0,3,1600066510|3800000110|3800000120,1.0
supported,1,2.25,myopic,2035.8566696532553,12,6.2,1,12,1.0,3,1600066510|3800000120|3800000127,1.0
supported,1,2.3,dynamic,2072.6962236510103,12,5.79,1,12,1.0,4,1600066510|3800000110|3800000120|3800000127,1.0
supported,1,2.3,myopic,2071.973995001473,12,6.2,1,12,1.0,3,1600066510|3800000120|3800000127,1.0
supported,1,2.35,dynamic,2108.377113964874,12,6.2,1,12,1.0,3,1600066510|3800000120|3800000127,1.0
supported,1,2.35,myopic,2108.0913203496916,12,6.2,1,12,1.0,3,1600066510|3800000120|3800000127,1.0
supported,1,2.4,dynamic,2144.459899019875,12,6.2,1,12,1.0,3,1600066510|3800000120|3800000127,1.0
supported,1,2.4,myopic,2144.20864569791,12,6.2,1,12,1.0,3,1600066510|3800000120|3800000127,1.0
supported,1,2.45,dynamic,2180.5426840748773,12,6.2,1,12,1.0,3,1600066510|3800000120|3800000127,1.0
supported,1,2.45,myopic,2180.325971046129,12,6.2,1,12,1.0,3,1600066510|3800000120|3800000127,1.0
supported,1,2.5,dynamic,2216.6254691298786,12,6.2,1,12,1.0,3,1600066510|3800000120|3800000127,1.0
supported,1,2.5,myopic,2216.443296394347,12,6.2,1,12,1.0,3,1600066510|3800000120|3800000127,1.0
supported,1,2.55,dynamic,2252.7082541848804,12,6.2,1,12,1.0,3,1600066510|3800000120|3800000127,1.0
supported,1,2.55,myopic,2252.5606217425648,12,6.2,1,12,1.0,3,1600066510|3800000120|3800000127,1.0
supported,1,2.6,dynamic,2288.791039239882,12,6.2,1,12,1.0,3,1600066510|3800000120|3800000127,1.0
supported,1,2.6,myopic,2288.6779470907836,12,6.2,1,12,1.0,3,1600066510|3800000120|3800000127,1.0
supported,1,2.65,dynamic,2324.8738242948834,12,6.2,1,12,1.0,3,1600066510|3800000120|3800000127,1.0
supported,1,2.65,myopic,2324.7952724390016,12,6.2,1,12,1.0,3,1600066510|3800000120|3800000127,1.0
supported,1,2.7,dynamic,2360.956609349885,12,6.2,1,12,1.0,3,1600066510|3800000120|3800000127,1.0
supported,1,2.7,myopic,2360.91259778722,12,6.2,1,12,1.0,3,1600066510|3800000120|3800000127,1.0
supported,1,2.75,dynamic,2397.0393944048865,12,6.2,1,12,1.0,3,1600066510|3800000120|3800000127,1.0
supported,1,2.75,myopic,2397.029923135438,12,6.2,1,12,1.0,3,1600066510|3800000120|3800000127,1.0
supported,1,2.8,dynamic,2433.1472484836563,12,6.2,1,12,1.0,3,1600066510|3800000120|3800000127,1.0
supported,1,2.8,myopic,2433.1472484836563,12,6.2,1,12,1.0,3,1600066510|3800000120|3800000127,1.0
supported,1,2.85,dynamic,2469.2645738318747,12,6.2,1,12,1.0,3,1600066510|3800000120|3800000127,1.0
supported,1,2.85,myopic,2469.2645738318747,12,6.2,1,12,1.0,3,1600066510|3800000120|3800000127,1.0
supported,1,2.9,dynamic,2505.381899180093,12,6.2,1,12,1.0,3,1600066510|3800000120|3800000127,1.0
supported,1,2.9,myopic,2505.381899180093,12,6.2,1,12,1.0,3,1600066510|3800000120|3800000127,1.0
supported,1,2.95,dynamic,2541.4992245283115,12,6.2,1,12,1.0,3,1600066510|3800000120|3800000127,1.0
supported,1,2.95,myopic,2541.4992245283115,12,6.2,1,12,1.0,3,1600066510|3800000120|3800000127,1.0
supported,1,3.0,dynamic,2577.6165498765295,12,6.2,1,12,1.0,3,1600066510|3800000120|3800000127,1.0
supported,1,3.0,myopic,2577.6165498765295,12,6.2,1,12,1.0,3,1600066510|3800000120|3800000127,1.0
supported,1,3.05,dynamic,2613.7338752247474,12,6.2,1,12,1.0,3,1600066510|3800000120|3800000127,1.0
supported,1,3.05,myopic,2613.7338752247474,12,6.2,1,12,1.0,3,1600066510|3800000120|3800000127,1.0
supported,1,3.1,dynamic,2649.8512005729663,12,6.2,1,12,1.0,3,1600066510|3800000120|3800000127,1.0
supported,1,3.1,myopic,2649.8512005729663,12,6.2,1,12,1.0,3,1600066510|3800000120|3800000127,1.0
supported,1,3.15,dynamic,2685.968525921184,12,6.2,1,12,1.0,3,1600066510|3800000120|3800000127,1.0
supported,1,3.15,myopic,2685.968525921184,12,6.2,1,12,1.0,3,1600066510|3800000120|3800000127,1.0
supported,1,3.2,dynamic,2722.0858512694026,12,6.2,1,12,1.0,3,1600066510|3800000120|3800000127,1.0
supported,1,3.2,myopic,2722.0858512694026,12,6.2,1,12,1.0,3,1600066510|3800000120|3800000127,1.0
supported,2,1.2,dynamic,1747.0480117797847,0,0.0,0,0,0.0,0,,1.0
supported,2,1.2,myopic,1747.0480117797847,0,0.0,0,0,0.0,0,,1.0
supported,2,1.25,dynamic,1747.0480117797847,0,0.0,0,0,0.0,0,,1.0
supported,2,1.25,myopic,1747.0480117797847,0,0.0,0,0,0.0,0,,1.0
supported,2,1.3,dynamic,1747.0480117797847,0,0.0,0,0,0.0,0,,1.0
supported,2,1.3,myopic,1747.0480117797847,0,0.0,0,0,0.0,0,,1.0
supported,2,1.35,dynamic,1747.0480117797847,0,0.0,0,0,0.0,0,,1.0
supported,2,1.35,myopic,1747.0480117797847,0,0.0,0,0,0.0,0,,1.0
supported,2,1.4,dynamic,1747.0915282802578,1,0.09,1,0,0.041666666666666664,1,3800000110,1.0
supported,2,1.4,myopic,1744.291325339158,4,0.36,1,0,0.16666666666666666,1,3800000110,1.0
supported,2,1.45,dynamic,1747.3415645470614,1,0.09,1,0,0.041666666666666664,1,3800000110,1.0
supported,2,1.45,myopic,1745.3140465136762,4,0.36,1,0,0.16666666666666666,1,3800000110,1.0
supported,2,1.5,dynamic,1747.5916008138652,1,0.09,1,0,0.041666666666666664,1,3800000110,1.0
supported,2,1.5,myopic,1746.3367676881944,4,0.36,1,0,0.16666666666666666,1,3800000110,1.0
supported,2,1.55,dynamic,1748.089673927843,3,0.27,1,0,0.125,1,3800000110,1.0
supported,2,1.55,myopic,1747.3594888627126,4,0.36,1,0,0.16666666666666666,1,3800000110,1.0
supported,2,1.6,dynamic,1749.0721290976203,4,0.36,1,0,0.16666666666666666,1,3800000110,1.0
supported,2,1.6,myopic,1748.382210037231,4,0.36,1,0,0.16666666666666666,1,3800000110,1.0
supported,2,1.65,dynamic,1751.2036963324538,8,1.81,2,4,0.3333333333333333,2,3800000110|3800000120,1.0
supported,2,1.65,myopic,1749.8131187362262,8,1.56,2,4,0.3333333333333333,2,3800000110|3800000120,1.0
supported,2,1.7,dynamic,1765.5027607011787,8,2.56,2,3,0.3333333333333333,2,3800000110|3800000120,1.0
supported,2,1.7,myopic,1763.815034205674,8,2.56,2,4,0.3333333333333333,2,3800000110|3800000120,1.0
supported,2,1.75,dynamic,1781.2553245997415,8,2.56,2,2,0.3333333333333333,2,3800000110|3800000120,1.0
supported,2,1.75,myopic,1779.6336690555008,8,2.56,2,4,0.3333333333333333,2,3800000110|3800000120,1.0
supported,2,1.8,dynamic,1797.0226316986073,8,2.56,2,2,0.3333333333333333,2,3800000110|3800000120,1.0
supported,2,1.8,myopic,1795.4523039053274,8,2.56,2,4,0.3333333333333333,2,3800000110|3800000120,1.0
supported,2,1.85,dynamic,1812.8064333885497,8,2.56,2,1,0.3333333333333333,2,3800000110|3800000120,1.0
supported,2,1.85,myopic,1805.7247204203195,12,3.56,2,4,0.5,3,1600066510|3800000110|3800000120,0.6666666666666666
supported,2,1.9,dynamic,1832.7453874302691,11,4.0600000000000005,2,2,0.4583333333333333,3,1600066510|3800000110|3800000120,1.0
supported,2,1.9,myopic,1828.2909798489397,12,4.5600000000000005,2,4,0.5,3,1600066510|3800000110|3800000120,1.0
supported,2,1.95,dynamic,1862.4401615193672,12,4.5600000000000005,2,3,0.5,3,1600066510|3800000110|3800000120,1.0
supported,2,1.95,myopic,1858.3083162821515,12,4.5600000000000005,2,4,0.5,3,1600066510|3800000110|3800000120,1.0
supported,2,2.0,dynamic,1892.377189879416,12,4.5600000000000005,2,2,0.5,3,1600066510|3800000110|3800000120,1.0
supported,2,2.0,myopic,1888.3256527153637,12,4.5600000000000005,2,4,0.5,3,1600066510|3800000110|3800000120,1.0
supported,2,2.05,dynamic,1922.3502828570586,12,4.5600000000000005,2,3,0.5,3,1600066510|3800000110|3800000120,1.0
supported,2,2.05,myopic,1918.3429891485755,12,4.5600000000000005,2,4,0.5,3,1600066510|3800000110|3800000120,1.0
supported,2,2.1,dynamic,1952.3420559621636,12,4.5600000000000005,2,3,0.5,3,1600066510|3800000110|3800000120,1.0
supported,2,2.1,myopic,1948.3603255817875,12,4.5600000000000005,2,4,0.5,3,1600066510|3800000110|3800000120,1.0
supported,2,2.15,dynamic,1982.8554312202514,13,5.0600000000000005,2,4,0.5416666666666666,4,1600066510|3800000110|3800000120|3800000127,1.0
supported,2,2.15,myopic,1974.1082214694407,16,6.5600000000000005,2,8,0.6666666666666666,4,1600066510|3800000110|3800000120|3800000127,1.0
supported,2,2.2,dynamic,2016.2144793766322,16,6.5600000000000005,2,5,0.6666666666666666,4,1600066510|3800000110|3800000120|3800000127,1.0
supported,2,2.2,myopic,2011.3502971714322,16,6.5600000000000005,2,8,0.6666666666666666,4,1600066510|3800000110|3800000120|3800000127,1.0
supported,2,2.24,dynamic,2045.981854654946,16,6.5600000000000005,2,6,0.6666666666666666,4,1600066510|3800000110|3800000120|3800000127,1.0
supported,2,2.24,myopic,2041.1439577330257,16,6.5600000000000005,2,8,0.6666666666666666,4,1600066510|3800000110|3800000120|3800000127,1.0
supported,2,2.25,dynamic,2053.4252226477843,16,6.5600000000000005,2,6,0.6666666666666666,4,1600066510|3800000110|3800000120|3800000127,1.0
supported,2,2.25,myopic,2048.5923728734238,16,6.5600000000000005,2,8,0.6666666666666666,4,1600066510|3800000110|3800000120|3800000127,1.0
supported,2,2.3,dynamic,2090.6420626119752,16,6.5600000000000005,2,6,0.6666666666666666,4,1600066510|3800000110|3800000120|3800000127,1.0
supported,2,2.3,myopic,2085.8344485754155,16,6.5600000000000005,2,8,0.6666666666666666,4,1600066510|3800000110|3800000120|3800000127,1.0
supported,2,2.35,dynamic,2127.858902576166,16,6.5600000000000005,2,6,0.6666666666666666,4,1600066510|3800000110|3800000120|3800000127,1.0
supported,2,2.35,myopic,2123.0765242774073,16,6.5600000000000005,2,8,0.6666666666666666,4,1600066510|3800000110|3800000120|3800000127,1.0
supported,2,2.4,dynamic,2165.0964790681187,16,6.5600000000000005,2,7,0.6666666666666666,4,1600066510|3800000110|3800000120|3800000127,1.0
supported,2,2.4,myopic,2160.3185999793986,16,6.5600000000000005,2,8,0.6666666666666666,4,1600066510|3800000110|3800000120|3800000127,1.0
supported,2,2.45,dynamic,2202.358417349615,16,6.5600000000000005,2,7,0.6666666666666666,4,1600066510|3800000110|3800000120|3800000127,1.0
supported,2,2.45,myopic,2180.8900864084153,20,8.16,2,8,0.8333333333333334,5,1600066510|3800000110|3800000120|3800000127|3800001611,1.0
supported,2,2.5,dynamic,2239.7617281989246,17,6.960000000000001,2,7,0.7083333333333334,5,1600066510|3800000110|3800000120|3800000127|3800001611,1.0
supported,2,2.5,myopic,2223.5203626294915,20,8.16,2,8,0.8333333333333334,5,1600066510|3800000110|3800000120|3800000127|3800001611,1.0
supported,2,2.55,dynamic,2278.349179280479,17,6.960000000000001,2,7,0.7083333333333334,5,1600066510|3800000110|3800000120|3800000127|3800001611,1.0
supported,2,2.55,myopic,2262.4992858683654,24,10.159999999999998,2,12,1.0,6,1600066510|1600066590|3800000110|3800000120|3800000127|3800001611,1.0
supported,2,2.6,dynamic,2320.7163378256155,21,8.959999999999999,2,9,0.875,6,1600066510|1600066590|3800000110|3800000120|3800000127|3800001611,1.0
supported,2,2.6,myopic,2315.5587789467168,24,10.159999999999998,2,12,1.0,6,1600066510|1600066590|3800000110|3800000120|3800000127|3800001611,1.0
supported,2,2.65,dynamic,2369.92438289686,22,9.459999999999999,2,10,0.9166666666666666,7,1600066510|1600066590|1600066610|3800000110|3800000120|3800000127|3800001611,1.0
supported,2,2.65,myopic,2366.9764489916156,24,10.159999999999998,2,12,1.0,6,1600066510|1600066590|3800000110|3800000120|3800000127|3800001611,1.0
supported,2,2.7,dynamic,2426.918500467062,24,10.459999999999999,2,12,1.0,7,1600066510|1600066590|1600066610|3800000110|3800000120|3800000127|3800001611,1.0
supported,2,2.7,myopic,2420.083262144088,24,10.159999999999998,2,12,1.0,6,1600066510|1600066590|3800000110|3800000120|3800000127|3800001611,1.0
supported,2,2.75,dynamic,2484.120962085922,24,10.459999999999999,2,12,1.0,7,1600066510|1600066590|1600066610|3800000110|3800000120|3800000127|3800001611,1.0
supported,2,2.75,myopic,2472.0529052305214,24,11.799999999999999,2,12,1.0,6,1600066510|1600066590|1600066610|3800000120|3800000127|3800001611,1.0
supported,2,2.8,dynamic,2543.603528515179,24,10.87,2,12,1.0,7,1600066510|1600066590|1600066610|3800000110|3800000120|3800000127|3800001611,1.0
supported,2,2.8,myopic,2534.9553180494304,24,11.799999999999999,2,12,1.0,6,1600066510|1600066590|1600066610|3800000120|3800000127|3800001611,1.0
supported,2,2.85,dynamic,2603.241123406052,24,10.87,2,12,1.0,7,1600066510|1600066590|1600066610|3800000110|3800000120|3800000127|3800001611,1.0
supported,2,2.85,myopic,2597.857730868339,24,11.799999999999999,2,12,1.0,6,1600066510|1600066590|1600066610|3800000120|3800000127|3800001611,1.0
supported,2,2.9,dynamic,2662.8787182969245,24,10.87,2,12,1.0,7,1600066510|1600066590|1600066610|3800000110|3800000120|3800000127|3800001611,1.0
supported,2,2.9,myopic,2660.7601436872474,24,11.799999999999999,2,12,1.0,6,1600066510|1600066590|1600066610|3800000120|3800000127|3800001611,1.0
supported,2,2.95,dynamic,2723.9733518101434,24,11.489999999999998,2,12,1.0,7,1600066510|1600066590|1600066610|3800000110|3800000120|3800000127|3800001611,1.0
supported,2,2.95,myopic,2723.6625565061563,24,11.799999999999999,2,12,1.0,6,1600066510|1600066590|1600066610|3800000120|3800000127|3800001611,1.0
supported,2,3.0,dynamic,2786.7961746486017,24,11.799999999999999,2,12,1.0,6,1600066510|1600066590|1600066610|3800000120|3800000127|3800001611,1.0
supported,2,3.0,myopic,2786.5649693250652,24,11.799999999999999,2,12,1.0,6,1600066510|1600066590|1600066610|3800000120|3800000127|3800001611,1.0
supported,2,3.05,dynamic,2849.7004915246953,24,11.799999999999999,2,12,1.0,6,1600066510|1600066590|1600066610|3800000120|3800000127|3800001611,1.0
supported,2,3.05,myopic,2849.4673821439737,24,11.799999999999999,2,12,1.0,6,1600066510|1600066590|1600066610|3800000120|3800000127|3800001611,1.0
supported,2,3.1,dynamic,2912.6048084007894,24,11.799999999999999,2,12,1.0,6,1600066510|1600066590|1600066610|3800000120|3800000127|3800001611,1.0
supported,2,3.1,myopic,2912.3697949628827,24,11.799999999999999,2,12,1.0,6,1600066510|1600066590|1600066610|3800000120|3800000127|3800001611,1.0
supported,2,3.15,dynamic,2976.2784374517673,24,11.89,2,12,1.0,7,1600066510|1600066590|1600066610|3800000120|3800000127|3800001520|3800001611,1.0
supported,2,3.15,myopic,2975.272207781791,24,11.799999999999999,2,12,1.0,6,1600066510|1600066590|1600066610|3800000120|3800000127|3800001611,1.0
supported,2,3.2,dynamic,3041.1146595894497,24,11.98,2,12,1.0,7,1600066510|1600066590|1600066610|3800000120|3800000127|3800001520|3800001611,1.0
supported,2,3.2,myopic,3038.1746206007,24,11.799999999999999,2,12,1.0,6,1600066510|1600066590|1600066610|3800000120|3800000127|3800001611,1.0
supported,3,1.2,dynamic,1747.0480117797847,0,0.0,0,0,0.0,0,,1.0
supported,3,1.2,myopic,1747.0480117797847,0,0.0,0,0,0.0,0,,1.0
supported,3,1.25,dynamic,1747.0480117797847,0,0.0,0,0,0.0,0,,1.0
supported,3,1.25,myopic,1747.0480117797847,0,0.0,0,0,0.0,0,,1.0
supported,3,1.3,dynamic,1747.0480117797847,0,0.0,0,0,0.0,0,,1.0
supported,3,1.3,myopic,1747.0480117797847,0,0.0,0,0,0.0,0,,1.0
supported,3,1.35,dynamic,1747.0480117797847,0,0.0,0,0,0.0,0,,1.0
supported,3,1.35,myopic,1747.0480117797847,0,0.0,0,0,0.0,0,,1.0
supported,3,1.4,dynamic,1747.0915282802578,1,0.09,1,0,0.027777777777777776,1,3800000110,1.0
supported,3,1.4,myopic,1744.291325339158,4,0.36,1,0,0.1111111111111111,1,3800000110,1.0
supported,3,1.45,dynamic,1747.3415645470614,1,0.09,1,0,0.027777777777777776,1,3800000110,1.0
supported,3,1.45,myopic,1745.3140465136762,4,0.36,1,0,0.1111111111111111,1,3800000110,1.0
supported,3,1.5,dynamic,1747.5916008138652,1,0.09,1,0,0.027777777777777776,1,3800000110,1.0
supported,3,1.5,myopic,1746.3367676881944,4,0.36,1,0,0.1111111111111111,1,3800000110,1.0
supported,3,1.55,dynamic,1748.089673927843,3,0.27,1,0,0.08333333333333333,1,3800000110,1.0
supported,3,1.55,myopic,1747.3594888627126,4,0.36,1,0,0.1111111111111111,1,3800000110,1.0
supported,3,1.6,dynamic,1749.0721290976203,4,0.36,1,0,0.1111111111111111,1,3800000110,1.0
supported,3,1.6,myopic,1748.382210037231,4,0.36,1,0,0.1111111111111111,1,3800000110,1.0
supported,3,1.65,dynamic,1751.2036963324538,8,1.81,2,0,0.2222222222222222,2,3800000110|3800000120,1.0
supported,3,1.65,myopic,1749.8131187362262,8,1.56,2,0,0.2222222222222222,2,3800000110|3800000120,1.0
supported,3,1.7,dynamic,1765.5027607011787,8,2.56,2,0,0.2222222222222222,2,3800000110|3800000120,1.0
supported,3,1.7,myopic,1763.815034205674,8,2.56,2,0,0.2222222222222222,2,3800000110|3800000120,1.0
supported,3,1.75,dynamic,1781.2553245997415,8,2.56,2,0,0.2222222222222222,2,3800000110|3800000120,1.0
supported,3,1.75,myopic,1779.6336690555008,8,2.56,2,0,0.2222222222222222,2,3800000110|3800000120,1.0
supported,3,1.8,dynamic,1797.0226316986073,8,2.56,2,0,0.2222222222222222,2,3800000110|3800000120,1.0
supported,3,1.8,myopic,1795.4523039053274,8,2.56,2,0,0.2222222222222222,2,3800000110|3800000120,1.0
supported,3,1.85,dynamic,1813.194702001411,9,3.06,3,1,0.25,3,1600066510|3800000110|3800000120,1.0
supported,3,1.85,myopic,1805.1164038788068,12,3.56,3,4,0.3333333333333333,3,1600066510|3800000110|3800000120,0.6666666666666666
supported,3,1.9,dynamic,1833.1671098222719,11,4.0600000000000005,3,1,0.3055555555555556,3,1600066510|3800000110|3800000120,1.0
supported,3,1.9,myopic,1828.0839930430238,12,4.5600000000000005,3,4,0.3333333333333333,3,1600066510|3800000110|3800000120,1.0
supported,3,1.95,dynamic,1862.8565924525246,12,4.5600000000000005,3,1,0.3333333333333333,3,1600066510|3800000110|3800000120,1.0
supported,3,1.95,myopic,1858.1064430876158,12,4.5600000000000005,3,4,0.3333333333333333,3,1600066510|3800000110|3800000120,1.0
supported,3,2.0,dynamic,1892.7894679180768,12,4.5600000000000005,3,1,0.3333333333333333,3,1600066510|3800000110|3800000120,1.0
supported,3,2.0,myopic,1888.1288931322085,12,4.5600000000000005,3,4,0.3333333333333333,3,1600066510|3800000110|3800000120,1.0
supported,3,2.05,dynamic,1922.759845591742,12,4.5600000000000005,3,1,0.3333333333333333,3,1600066510|3800000110|3800000120,1.0
supported,3,2.05,myopic,1918.1513431768005,12,4.5600000000000005,3,4,0.3333333333333333,3,1600066510|3800000110|3800000120,1.0
supported,3,2.1,dynamic,1952.750430641729,12,4.5600000000000005,3,2,0.3333333333333333,3,1600066510|3800000110|3800000120,1.0
supported,3,2.1,myopic,1948.1737932213925,12,4.5600000000000005,3,4,0.3333333333333333,3,1600066510|3800000110|3800000120,1.0
supported,3,2.15,dynamic,1983.4331085832896,13,5.0600000000000005,3,2,0.3611111111111111,4,1600066510|3800000110|3800000120|3800000127,1.0
supported,3,2.15,myopic,1973.9268027204262,16,6.5600000000000005,3,4,0.4444444444444444,4,1600066510|3800000110|3800000120|3800000127,1.0
supported,3,2.2,dynamic,2016.7859180514001,16,6.5600000000000005,3,2,0.4444444444444444,4,1600066510|3800000110|3800000120|3800000127,1.0
supported,3,2.2,myopic,2011.173992033798,16,6.5600000000000005,3,4,0.4444444444444444,4,1600066510|3800000110|3800000120|3800000127,1.0
supported,3,2.24,dynamic,2046.548302379098,16,6.5600000000000005,3,2,0.4444444444444444,4,1600066510|3800000110|3800000120|3800000127,1.0
supported,3,2.24,myopic,2040.9717434844956,16,6.5600000000000005,3,4,0.4444444444444444,4,1600066510|3800000110|3800000120|3800000127,1.0
supported,3,2.25,dynamic,2053.990422634282,16,6.5600000000000005,3,2,0.4444444444444444,4,1600066510|3800000110|3800000120|3800000127,1.0
supported,3,2.25,myopic,2047.9905009259764,16,6.5600000000000005,3,4,0.4444444444444444,4,1600066510|3800000110|3800000120|3800000127,1.0
supported,3,2.3,dynamic,2091.218385681548,16,6.5600000000000005,3,3,0.4444444444444444,4,1600066510|3800000110|3800000120|3800000127,1.0
supported,3,2.3,myopic,2085.2688818770234,16,6.5600000000000005,3,4,0.4444444444444444,4,1600066510|3800000110|3800000120|3800000127,1.0
supported,3,2.35,dynamic,2128.46456029562,16,6.5600000000000005,3,3,0.4444444444444444,4,1600066510|3800000110|3800000120|3800000127,1.0
supported,3,2.35,myopic,2122.5472628280704,16,6.5600000000000005,3,4,0.4444444444444444,4,1600066510|3800000110|3800000120|3800000127,1.0
supported,3,2.4,dynamic,2165.725650089898,16,6.5600000000000005,3,2,0.4444444444444444,4,1600066510|3800000110|3800000120|3800000127,1.0
supported,3,2.4,myopic,2159.8256437791174,16,6.5600000000000005,3,4,0.4444444444444444,4,1600066510|3800000110|3800000120|3800000127,1.0
supported,3,2.45,dynamic,2203.0771126570294,17,6.960000000000001,3,2,0.4722222222222222,5,1600066510|3800000110|3800000120|3800000127|3800001611,1.0
supported,3,2.45,myopic,2176.1852246967546,20,8.16,3,4,0.5555555555555556,5,1600066510|3800000110|3800000120|3800000127|3800001611,1.0
supported,3,2.5,dynamic,2241.7206871918825,17,6.960000000000001,3,2,0.4722222222222222,5,1600066510|3800000110|3800000120|3800000127|3800001611,1.0
supported,3,2.5,myopic,2218.8788825523843,20,8.16,3,4,0.5555555555555556,5,1600066510|3800000110|3800000120|3800000127|3800001611,1.0
supported,3,2.55,dynamic,2280.5427890102455,18,7.460000000000001,3,5,0.5,6,1600066510|1600066590|3800000110|3800000120|3800000127|3800001611,1.0
supported,3,2.55,myopic,2254.641699098109,28,10.319999999999999,3,8,0.7777777777777778,7,1600066510|1600066590|3800000110|3800000120|3800000127|3800001520|3800001611,1.0
supported,3,2.6,dynamic,2324.383550055026,21,8.959999999999999,3,5,0.5833333333333334,6,1600066510|1600066590|3800000110|3800000120|3800000127|3800001611,1.0
supported,3,2.6,myopic,2308.1597931213373,28,10.319999999999999,3,8,0.7777777777777778,7,1600066510|1600066590|3800000110|3800000120|3800000127|3800001520|3800001611,1.0
supported,3,2.65,dynamic,2374.2415052927727,24,10.36,3,5,0.6666666666666666,7,1600066510|1600066590|1600066610|3800000110|3800000120|3800000127|3800001611,1.0
supported,3,2.65,myopic,2364.2365452097256,32,12.319999999999999,3,8,0.8888888888888888,8,1600066510|1600066590|1600066610|3800000110|3800000120|3800000127|3800001520|3800001611,1.0
supported,3,2.7,dynamic,2436.8971274106502,28,12.159999999999998,3,6,0.7777777777777778,7,1600066510|1600066590|1600066610|3800000110|3800000120|3800000127|3800001611,1.0
supported,3,2.7,myopic,2428.5627584301633,32,12.319999999999999,3,8,0.8888888888888888,8,1600066510|1600066590|1600066610|3800000110|3800000120|3800000127|3800001520|3800001611,1.0
supported,3,2.75,dynamic,2500.983192972839,29,12.2,3,6,0.8055555555555556,8,1600066510|1600066590|1600066610|3800000110|3800000120|3800000127|3800001520|3800001611,1.0
supported,3,2.75,myopic,2491.563473803003,32,12.319999999999999,3,8,0.8888888888888888,8,1600066510|1600066590|1600066610|3800000110|3800000120|3800000127|3800001520|3800001611,1.0
supported,3,2.8,dynamic,2565.1196760367948,30,12.24,3,7,0.8333333333333334,8,1600066510|1600066590|1600066610|3800000110|3800000120|3800000127|3800001520|3800001611,1.0
supported,3,2.8,myopic,2552.0361765206653,32,12.92,3,8,0.8888888888888888,8,1600066510|1600066590|1600066610|3800000110|3800000120|3800000127|3800001520|3800001611,0.875
supported,3,2.85,dynamic,2629.3654479703905,31,12.28,3,7,0.8611111111111112,8,1600066510|1600066590|1600066610|3800000110|3800000120|3800000127|3800001520|3800001611,1.0
supported,3,2.85,myopic,2611.3615711867014,32,14.12,3,8,0.8888888888888888,8,1600066510|1600066590|1600066610|3800000110|3800000120|3800000127|3800001520|3800001611,1.0
supported,3,2.9,dynamic,2695.0507026639775,32,12.77,3,8,0.8888888888888888,8,1600066510|1600066590|1600066610|3800000110|3800000120|3800000127|3800001520|3800001611,1.0
supported,3,2.9,myopic,2685.718021123885,32,14.12,3,8,0.8888888888888888,8,1600066510|1600066590|1600066610|3800000110|3800000120|3800000127|3800001520|3800001611,1.0
supported,3,2.95,dynamic,2766.805777815064,32,14.12,3,8,0.8888888888888888,8,1600066510|1600066590|1600066610|3800000110|3800000120|3800000127|3800001520|3800001611,1.0
supported,3,2.95,myopic,2760.0744710610716,32,14.12,3,8,0.8888888888888888,8,1600066510|1600066590|1600066610|3800000110|3800000120|3800000127|3800001520|3800001611,1.0
supported,3,3.0,dynamic,2841.157076618671,32,14.12,3,8,0.8888888888888888,8,1600066510|1600066590|1600066610|3800000110|3800000120|3800000127|3800001520|3800001611,1.0
supported,3,3.0,myopic,2834.4309209982553,32,14.12,3,8,0.8888888888888888,8,1600066510|1600066590|1600066610|3800000110|3800000120|3800000127|3800001520|3800001611,1.0
supported,3,3.05,dynamic,2915.5083754222787,32,14.12,3,8,0.8888888888888888,8,1600066510|1600066590|1600066610|3800000110|3800000120|3800000127|3800001520|3800001611,1.0
supported,3,3.05,myopic,2908.787370935439,32,14.12,3,8,0.8888888888888888,8,1600066510|1600066590|1600066610|3800000110|3800000120|3800000127|3800001520|3800001611,1.0
supported,3,3.1,dynamic,2989.859674225887,32,14.12,3,8,0.8888888888888888,8,1600066510|1600066590|1600066610|3800000110|3800000120|3800000127|3800001520|3800001611,1.0
supported,3,3.1,myopic,2983.1438208726245,32,14.12,3,8,0.8888888888888888,8,1600066510|1600066590|1600066610|3800000110|3800000120|3800000127|3800001520|3800001611,1.0
supported,3,3.15,dynamic,3064.2109730294937,32,14.12,3,8,0.8888888888888888,8,1600066510|1600066590|1600066610|3800000110|3800000120|3800000127|3800001520|3800001611,1.0
supported,3,3.15,myopic,3057.5002708098086,32,14.12,3,8,0.8888888888888888,8,1600066510|1600066590|1600066610|3800000110|3800000120|3800000127|3800001520|3800001611,1.0
supported,3,3.2,dynamic,3138.5622718331015,32,14.12,3,8,0.8888888888888888,8,1600066510|1600066590|1600066610|3800000110|3800000120|3800000127|3800001520|3800001611,1.0
supported,3,3.2,myopic,3131.856720746994,32,14.12,3,8,0.8888888888888888,8,1600066510|1600066590|1600066610|3800000110|3800000120|3800000127|3800001520|3800001611,1.0
supported,8,1.2,dynamic,1747.0480117797847,0,0.0,0,0,0.0,0,,1.0
supported,8,1.2,myopic,1747.0480117797847,0,0.0,0,0,0.0,0,,1.0
supported,8,1.25,dynamic,1747.0480117797847,0,0.0,0,0,0.0,0,,1.0
supported,8,1.25,myopic,1747.0480117797847,0,0.0,0,0,0.0,0,,1.0
supported,8,1.3,dynamic,1747.0480117797847,0,0.0,0,0,0.0,0,,1.0
supported,8,1.3,myopic,1747.0480117797847,0,0.0,0,0,0.0,0,,1.0
supported,8,1.35,dynamic,1747.0480117797847,0,0.0,0,0,0.0,0,,1.0
supported,8,1.35,myopic,1747.0480117797847,0,0.0,0,0,0.0,0,,1.0
supported,8,1.4,dynamic,1747.0915282802578,1,0.09,1,0,0.010416666666666666,1,3800000110,1.0
supported,8,1.4,myopic,1744.291325339158,4,0.36,1,0,0.041666666666666664,1,3800000110,1.0
supported,8,1.45,dynamic,1747.3415645470614,1,0.09,1,0,0.010416666666666666,1,3800000110,1.0
supported,8,1.45,myopic,1745.3140465136762,4,0.36,1,0,0.041666666666666664,1,3800000110,1.0
supported,8,1.5,dynamic,1747.5916008138652,1,0.09,1,0,0.010416666666666666,1,3800000110,1.0
supported,8,1.5,myopic,1746.3367676881944,4,0.36,1,0,0.041666666666666664,1,3800000110,1.0
supported,8,1.55,dynamic,1748.089673927843,3,0.27,1,0,0.03125,1,3800000110,1.0
supported,8,1.55,myopic,1747.3594888627126,4,0.36,1,0,0.041666666666666664,1,3800000110,1.0
supported,8,1.6,dynamic,1749.0721290976203,4,0.36,1,0,0.041666666666666664,1,3800000110,1.0
supported,8,1.6,myopic,1748.382210037231,4,0.36,1,0,0.041666666666666664,1,3800000110,1.0
supported,8,1.65,dynamic,1751.2036963324538,8,1.81,2,0,0.08333333333333333,2,3800000110|3800000120,1.0
supported,8,1.65,myopic,1749.8131187362262,8,1.56,2,0,0.08333333333333333,2,3800000110|3800000120,1.0
supported,8,1.7,dynamic,1765.5027607011787,8,2.56,2,0,0.08333333333333333,2,3800000110|3800000120,1.0
supported,8,1.7,myopic,1763.815034205674,8,2.56,2,0,0.08333333333333333,2,3800000110|3800000120,1.0
supported,8,1.75,dynamic,1781.2553245997415,8,2.56,2,0,0.08333333333333333,2,3800000110|3800000120,1.0
supported,8,1.75,myopic,1779.6336690555008,8,2.56,2,0,0.08333333333333333,2,3800000110|3800000120,1.0
supported,8,1.8,dynamic,1797.0226316986073,8,2.56,2,0,0.08333333333333333,2,3800000110|3800000120,1.0
supported,8,1.8,myopic,1795.4523039053274,8,2.56,2,0,0.08333333333333333,2,3800000110|3800000120,1.0
supported,8,1.85,dynamic,1813.194702001411,9,3.06,3,0,0.09375,3,1600066510|3800000110|3800000120,1.0
supported,8,1.85,myopic,1805.1164038788068,12,3.56,3,0,0.125,3,1600066510|3800000110|3800000120,0.6666666666666666
supported,8,1.9,dynamic,1833.1671098222719,11,4.0600000000000005,3,0,0.11458333333333333,3,1600066510|3800000110|3800000120,1.0
supported,8,1.9,myopic,1828.0839930430238,12,4.5600000000000005,3,0,0.125,3,1600066510|3800000110|3800000120,1.0
supported,8,1.95,dynamic,1862.8565924525246,12,4.5600000000000005,3,0,0.125,3,1600066510|3800000110|3800000120,1.0
supported,8,1.95,myopic,1858.1064430876158,12,4.5600000000000005,3,0,0.125,3,1600066510|3800000110|3800000120,1.0
supported,8,2.0,dynamic,1892.7894679180768,12,4.5600000000000005,3,0,0.125,3,1600066510|3800000110|3800000120,1.0
supported,8,2.0,myopic,1888.1288931322085,12,4.5600000000000005,3,0,0.125,3,1600066510|3800000110|3800000120,1.0
supported,8,2.05,dynamic,1922.759845591742,12,4.5600000000000005,3,0,0.125,3,1600066510|3800000110|3800000120,1.0
supported,8,2.05,myopic,1918.1513431768005,12,4.5600000000000005,3,0,0.125,3,1600066510|3800000110|3800000120,1.0
supported,8,2.1,dynamic,1952.750430641729,12,4.5600000000000005,3,0,0.125,3,1600066510|3800000110|3800000120,1.0
supported,8,2.1,myopic,1948.1737932213925,12,4.5600000000000005,3,0,0.125,3,1600066510|3800000110|3800000120,1.0
supported,8,2.15,dynamic,1983.830957467276,13,5.0600000000000005,4,0,0.13541666666666666,4,1600066510|3800000110|3800000120|3800000127,1.0
supported,8,2.15,myopic,1973.2523202748685,16,6.5600000000000005,4,0,0.16666666666666666,4,1600066510|3800000110|3800000120|3800000127,1.0
supported,8,2.2,dynamic,2017.180598535695,16,6.5600000000000005,4,0,0.16666666666666666,4,1600066510|3800000110|3800000120|3800000127,1.0
supported,8,2.2,myopic,2010.5358148372954,16,6.5600000000000005,4,0,0.16666666666666666,4,1600066510|3800000110|3800000120|3800000127,1.0
supported,8,2.24,dynamic,2046.9453731764456,16,6.5600000000000005,4,0,0.16666666666666666,4,1600066510|3800000110|3800000120|3800000127,1.0
supported,8,2.24,myopic,2040.3626104872374,16,6.5600000000000005,4,0,0.16666666666666666,4,1600066510|3800000110|3800000120|3800000127,1.0
supported,8,2.25,dynamic,2054.390666749277,16,6.5600000000000005,4,0,0.16666666666666666,4,1600066510|3800000110|3800000120|3800000127,1.0
supported,8,2.25,myopic,2047.8193093997224,16,6.5600000000000005,4,0,0.16666666666666666,4,1600066510|3800000110|3800000120|3800000127,1.0
supported,8,2.3,dynamic,2091.6236253882234,16,6.5600000000000005,4,0,0.16666666666666666,4,1600066510|3800000110|3800000120|3800000127,1.0
supported,8,2.3,myopic,2085.1028039621497,16,6.5600000000000005,4,0,0.16666666666666666,4,1600066510|3800000110|3800000120|3800000127,1.0
supported,8,2.35,dynamic,2128.8690162590724,16,6.5600000000000005,4,0,0.16666666666666666,4,1600066510|3800000110|3800000120|3800000127,1.0
supported,8,2.35,myopic,2122.386298524577,16,6.5600000000000005,4,0,0.16666666666666666,4,1600066510|3800000110|3800000120|3800000127,1.0
supported,8,2.4,dynamic,2166.1303376293167,16,6.5600000000000005,4,0,0.16666666666666666,4,1600066510|3800000110|3800000120|3800000127,1.0
supported,8,2.4,myopic,2159.669793087004,16,6.5600000000000005,4,0,0.16666666666666666,4,1600066510|3800000110|3800000120|3800000127,1.0
supported,8,2.45,dynamic,2203.9990328306744,17,6.960000000000001,5,0,0.17708333333333334,5,1600066510|3800000110|3800000120|3800000127|3800001611,1.0
supported,8,2.45,myopic,2174.370589971184,20,8.16,5,0,0.20833333333333334,5,1600066510|3800000110|3800000120|3800000127|3800001611,1.0
supported,8,2.5,dynamic,2242.6350214127688,17,6.960000000000001,5,0,0.17708333333333334,5,1600066510|3800000110|3800000120|3800000127|3800001611,1.0
supported,8,2.5,myopic,2217.096573884884,20,8.16,5,0,0.20833333333333334,5,1600066510|3800000110|3800000120|3800000127|3800001611,1.0
supported,8,2.55,dynamic,2282.888737605929,19,7.500000000000001,7,0,0.19791666666666666,7,1600066510|1600066590|3800000110|3800000120|3800000127|3800001520|3800001611,1.0
supported,8,2.55,myopic,2251.411117566783,28,10.319999999999999,7,0,0.2916666666666667,7,1600066510|1600066590|3800000110|3800000120|3800000127|3800001520|3800001611,1.0
supported,8,2.6,dynamic,2326.7965494999876,22,9.0,7,0,0.22916666666666666,7,1600066510|1600066590|3800000110|3800000120|3800000127|3800001520|3800001611,1.0
supported,8,2.6,myopic,2305.0176631461773,28,10.319999999999999,7,0,0.2916666666666667,7,1600066510|1600066590|3800000110|3800000120|3800000127|3800001520|3800001611,1.0
supported,8,2.65,dynamic,2378.7410338220343,25,10.4,8,1,0.2604166666666667,8,1600066510|1600066590|1600066610|3800000110|3800000120|3800000127|3800001520|3800001611,1.0
supported,8,2.65,myopic,2358.758405729254,32,12.319999999999999,8,4,0.3333333333333333,8,1600066510|1600066590|1600066610|3800000110|3800000120|3800000127|3800001520|3800001611,1.0
supported,8,2.7,dynamic,2441.5436674341354,29,12.2,8,1,0.3020833333333333,8,1600066510|1600066590|1600066610|3800000110|3800000120|3800000127|3800001520|3800001611,1.0
supported,8,2.7,myopic,2423.2819677461785,32,12.319999999999999,8,4,0.3333333333333333,8,1600066510|1600066590|1600066610|3800000110|3800000120|3800000127|3800001520|3800001611,1.0
supported,8,2.75,dynamic,2505.763891849021,30,12.24,8,1,0.3125,8,1600066510|1600066590|1600066610|3800000110|3800000120|3800000127|3800001520|3800001611,1.0
supported,8,2.75,myopic,2487.8055297631017,32,12.319999999999999,8,4,0.3333333333333333,8,1600066510|1600066590|1600066610|3800000110|3800000120|3800000127|3800001520|3800001611,1.0
supported,8,2.8,dynamic,2570.2878407403623,31,12.43,8,1,0.3229166666666667,8,1600066510|1600066590|1600066610|3800000110|3800000120|3800000127|3800001520|3800001611,1.0
supported,8,2.8,myopic,2546.916684731483,32,12.92,8,4,0.3333333333333333,8,1600066510|1600066590|1600066610|3800000110|3800000120|3800000127|3800001520|3800001611,0.875
supported,8,2.85,dynamic,2635.6512390079897,32,12.77,8,1,0.3333333333333333,8,1600066510|1600066590|1600066610|3800000110|3800000120|3800000127|3800001520|3800001611,1.0
supported,8,2.85,myopic,2603.7363753493228,32,14.12,8,4,0.3333333333333333,8,1600066510|1600066590|1600066610|3800000110|3800000120|3800000127|3800001520|3800001611,1.0
supported,8,2.9,dynamic,2702.673432228486,32,12.77,8,1,0.3333333333333333,8,1600066510|1600066590|1600066610|3800000110|3800000120|3800000127|3800001520|3800001611,1.0
supported,8,2.9,myopic,2678.341513700723,32,14.12,8,4,0.3333333333333333,8,1600066510|1600066590|1600066610|3800000110|3800000120|3800000127|3800001520|3800001611,1.0
supported,8,2.95,dynamic,2774.5910041505895,32,14.12,8,1,0.3333333333333333,8,1600066510|1600066590|1600066610|3800000110|3800000120|3800000127|3800001520|3800001611,1.0
supported,8,2.95,myopic,2752.9466520521246,32,14.12,8,4,0.3333333333333333,8,1600066510|1600066590|1600066610|3800000110|3800000120|3800000127|3800001520|3800001611,1.0
supported,8,3.0,dynamic,2849.0952844047547,32,14.12,8,1,0.3333333333333333,8,1600066510|1600066590|1600066610|3800000110|3800000120|3800000127|3800001520|3800001611,1.0
supported,8,3.0,myopic,2827.5517904035246,32,14.12,8,4,0.3333333333333333,8,1600066510|1600066590|1600066610|3800000110|3800000120|3800000127|3800001520|3800001611,1.0
supported,8,3.05,dynamic,2923.636873940269,32,14.12,8,1,0.3333333333333333,8,1600066510|1600066590|1600066610|3800000110|3800000120|3800000127|3800001520|3800001611,1.0
supported,8,3.05,myopic,2902.1569287549246,32,14.12,8,4,0.3333333333333333,8,1600066510|1600066590|1600066610|3800000110|3800000120|3800000127|3800001520|3800001611,1.0
supported,8,3.1,dynamic,2998.222764098088,32,14.12,8,2,0.3333333333333333,8,1600066510|1600066590|1600066610|3800000110|3800000120|3800000127|3800001520|3800001611,1.0
supported,8,3.1,myopic,2976.7620671063264,32,14.12,8,4,0.3333333333333333,8,1600066510|1600066590|1600066610|3800000110|3800000120|3800000127|3800001520|3800001611,1.0
supported,8,3.15,dynamic,3072.8211971858736,32,14.12,8,2,0.3333333333333333,8,1600066510|1600066590|1600066610|3800000110|3800000120|3800000127|3800001520|3800001611,1.0
supported,8,3.15,myopic,3051.367205457727,32,14.12,8,4,0.3333333333333333,8,1600066510|1600066590|1600066610|3800000110|3800000120|3800000127|3800001520|3800001611,1.0
supported,8,3.2,dynamic,3147.4421435284617,32,14.12,8,2,0.3333333333333333,8,1600066510|1600066590|1600066610|3800000110|3800000120|3800000127|3800001520|3800001611,1.0
supported,8,3.2,myopic,3125.9723438091273,32,14.12,8,4,0.3333333333333333,8,1600066510|1600066590|1600066610|3800000110|3800000120|3800000127|3800001520|3800001611,1.0
unrestricted,1,1.2,dynamic,1747.0480117797847,0,0.0,0,0,0.0,0,,1.0
unrestricted,1,1.2,myopic,1747.0480117797847,0,0.0,0,0,0.0,0,,1.0
unrestricted,1,1.25,dynamic,1747.0480117797847,0,0.0,0,0,0.0,0,,1.0
unrestricted,1,1.25,myopic,1747.0480117797847,0,0.0,0,0,0.0,0,,1.0
unrestricted,1,1.3,dynamic,1747.0480117797847,0,0.0,0,0,0.0,0,,1.0
unrestricted,1,1.3,myopic,1747.0480117797847,0,0.0,0,0,0.0,0,,1.0
unrestricted,1,1.35,dynamic,1747.0480117797847,0,0.0,0,0,0.0,0,,1.0
unrestricted,1,1.35,myopic,1747.0480117797847,0,0.0,0,0,0.0,0,,1.0
unrestricted,1,1.4,dynamic,1747.3468416614528,1,0.3,1,1,0.08333333333333333,1,3800000110,0.0
unrestricted,1,1.4,myopic,1739.0059449431096,4,1.2,1,4,0.3333333333333333,1,3800000110,0.0
unrestricted,1,1.45,dynamic,1748.5516059145923,1,0.3,1,1,0.08333333333333333,1,3800000110,0.0
unrestricted,1,1.45,myopic,1743.820830627123,4,1.2,1,4,0.3333333333333333,1,3800000110,0.0
unrestricted,1,1.5,dynamic,1750.8013691775,4,1.2,1,4,0.3333333333333333,1,3800000110,0.0
unrestricted,1,1.5,myopic,1748.6357163111363,4,1.2,1,4,0.3333333333333333,1,3800000110,0.0
unrestricted,1,1.55,dynamic,1755.568226382414,4,1.2,1,4,0.3333333333333333,1,3800000110,0.0
unrestricted,1,1.55,myopic,1753.4506019951498,4,1.2,1,4,0.3333333333333333,1,3800000110,0.0
unrestricted,1,1.6,dynamic,1760.3350835873282,4,1.2,1,4,0.3333333333333333,1,3800000110,0.0
unrestricted,1,1.6,myopic,1758.2654876791632,4,1.2,1,4,0.3333333333333333,1,3800000110,0.0
unrestricted,1,1.65,dynamic,1765.7137412743562,8,2.4,1,8,0.6666666666666666,2,3800000110|3800000120,0.5
unrestricted,1,1.65,myopic,1763.6824293146124,8,2.4,1,8,0.6666666666666666,2,3800000110|3800000120,0.5
unrestricted,1,1.7,dynamic,1774.677060269355,8,2.4,1,8,0.6666666666666666,2,3800000110|3800000120,0.5
unrestricted,1,1.7,myopic,1772.6555736729297,8,2.4,1,8,0.6666666666666666,2,3800000110|3800000120,0.5
unrestricted,1,1.75,dynamic,1783.6407110071173,8,2.4,1,8,0.6666666666666666,2,3800000110|3800000120,0.5
unrestricted,1,1.75,myopic,1781.6287180312463,8,2.4,1,8,0.6666666666666666,2,3800000110|3800000120,0.5
unrestricted,1,1.8,dynamic,1792.6043617448797,8,2.4,1,8,0.6666666666666666,2,3800000110|3800000120,0.5
unrestricted,1,1.8,myopic,1790.6018623895636,8,2.4,1,8,0.6666666666666666,2,3800000110|3800000120,0.5
unrestricted,1,1.85,dynamic,1801.568012482642,8,2.4,1,8,0.6666666666666666,2,3800000110|3800000120,0.5
unrestricted,1,1.85,myopic,1794.5118812270148,12,3.5999999999999996,1,12,1.0,3,1600066510|3800000110|3800000120,0.3333333333333333
unrestricted,1,1.9,dynamic,1810.994396940389,9,2.7,1,9,0.75,3,1600066510|3800000110|3800000120,0.3333333333333333
unrestricted,1,1.9,myopic,1808.9724930489845,12,3.5999999999999996,1,12,1.0,3,1600066510|3800000110|3800000120,0.3333333333333333
unrestricted,1,1.95,dynamic,1823.901482069332,12,3.5999999999999996,1,12,1.0,3,1600066510|3800000110|3800000120,0.3333333333333333
unrestricted,1,1.95,myopic,1823.4331048709537,12,3.5999999999999996,1,12,1.0,3,1600066510|3800000110|3800000120,0.3333333333333333
unrestricted,1,2.0,dynamic,1838.3589152216896,12,3.5999999999999996,1,12,1.0,3,1600066510|3800000110|3800000120,0.3333333333333333
unrestricted,1,2.0,myopic,1837.893716692923,12,3.5999999999999996,1,12,1.0,3,1600066510|3800000110|3800000120,0.3333333333333333
unrestricted,1,2.05,dynamic,1852.8163483740473,12,3.5999999999999996,1,12,1.0,3,1600066510|3800000110|3800000120,0.3333333333333333
unrestricted,1,2.05,myopic,1852.3543285148926,12,3.5999999999999996,1,12,1.0,3,1600066510|3800000110|3800000120,0.3333333333333333
unrestricted,1,2.1,dynamic,1867.2737815264052,12,3.5999999999999996,1,12,1.0,3,1600066510|3800000110|3800000120,0.3333333333333333
unrestricted,1,2.1,myopic,1866.814940336862,12,3.5999999999999996,1,12,1.0,3,1600066510|3800000110|3800000120,0.3333333333333333
unrestricted,1,2.15,dynamic,1881.731214678763,12,3.5999999999999996,1,12,1.0,3,1600066510|3800000110|3800000120,0.3333333333333333
unrestricted,1,2.15,myopic,1881.275552158831,12,3.5999999999999996,1,12,1.0,3,1600066510|3800000110|3800000120,0.3333333333333333
unrestricted,1,2.2,dynamic,1896.1886478311205,12,3.5999999999999996,1,12,1.0,3,1600066510|3800000110|3800000120,0.3333333333333333
unrestricted,1,2.2,myopic,1895.7361639808005,12,3.5999999999999996,1,12,1.0,3,1600066510|3800000110|3800000120,0.3333333333333333
unrestricted,1,2.24,dynamic,1907.754594353007,12,3.5999999999999996,1,12,1.0,3,1600066510|3800000110|3800000120,0.3333333333333333
unrestricted,1,2.24,myopic,1907.304653438376,12,3.5999999999999996,1,12,1.0,3,1600066510|3800000110|3800000120,0.3333333333333333
unrestricted,1,2.25,dynamic,1910.6460809834784,12,3.5999999999999996,1,12,1.0,3,1600066510|3800000110|3800000120,0.3333333333333333
unrestricted,1,2.25,myopic,1910.19677580277,12,3.5999999999999996,1,12,1.0,3,1600066510|3800000110|3800000120,0.3333333333333333
unrestricted,1,2.3,dynamic,1925.103514135836,12,3.5999999999999996,1,12,1.0,3,1600066510|3800000110|3800000120,0.3333333333333333
unrestricted,1,2.3,myopic,1924.657387624739,12,3.5999999999999996,1,12,1.0,3,1600066510|3800000110|3800000120,0.3333333333333333
unrestricted,1,2.35,dynamic,1939.5609472881938,12,3.5999999999999996,1,12,1.0,3,1600066510|3800000110|3800000120,0.3333333333333333
unrestricted,1,2.35,myopic,1939.1179994467084,12,3.5999999999999996,1,12,1.0,3,1600066510|3800000110|3800000120,0.3333333333333333
unrestricted,1,2.4,dynamic,1954.0183804405517,12,3.5999999999999996,1,12,1.0,3,1600066510|3800000110|3800000120,0.3333333333333333
unrestricted,1,2.4,myopic,1953.578611268678,12,3.5999999999999996,1,12,1.0,3,1600066510|3800000110|3800000120,0.3333333333333333
unrestricted,1,2.45,dynamic,1968.4758135929094,12,3.5999999999999996,1,12,1.0,3,1600066510|3800000110|3800000120,0.3333333333333333
unrestricted,1,2.45,myopic,1968.0392230906473,12,3.5999999999999996,1,12,1.0,3,1600066510|3800000110|3800000120,0.3333333333333333
unrestricted,1,2.5,dynamic,1982.933246745267,12,3.5999999999999996,1,12,1.0,3,1600066510|3800000110|3800000120,0.3333333333333333
unrestricted,1,2.5,myopic,1981.4634458406754,12,3.5999999999999996,1,12,1.0,3,1600066510|3800000110|3800000120,0.3333333333333333
unrestricted,1,2.55,dynamic,1997.390679897625,12,3.5999999999999996,1,12,1.0,3,1600066510|3800000110|3800000120,0.3333333333333333
unrestricted,1,2.55,myopic,1995.9308415622695,12,3.5999999999999996,1,12,1.0,3,1600066510|3800000110|3800000120,0.3333333333333333
unrestricted,1,2.6,dynamic,2011.8481130499827,12,3.5999999999999996,1,12,1.0,3,1600066510|3800000110|3800000120,0.3333333333333333
unrestricted,1,2.6,myopic,2010.3982372838643,12,3.5999999999999996,1,12,1.0,3,1600066510|3800000110|3800000120,0.3333333333333333
unrestricted,1,2.65,dynamic,2026.30554620234,12,3.5999999999999996,1,12,1.0,3,1600066510|3800000110|3800000120,0.3333333333333333
unrestricted,1,2.65,myopic,2024.8656330054587,12,3.5999999999999996,1,12,1.0,3,1600066510|3800000110|3800000120,0.3333333333333333
unrestricted,1,2.7,dynamic,2040.762979354698,12,3.5999999999999996,1,12,1.0,3,1600066510|3800000110|3800000120,0.3333333333333333
unrestricted,1,2.7,myopic,2039.3330287270533,12,3.5999999999999996,1,12,1.0,3,1600066510|3800000110|3800000120,0.3333333333333333
unrestricted,1,2.75,dynamic,2055.2204125070557,12,3.5999999999999996,1,12,1.0,3,1600066510|3800000110|3800000120,0.3333333333333333
unrestricted,1,2.75,myopic,2053.800424448648,12,3.5999999999999996,1,12,1.0,3,1600066510|3800000110|3800000120,0.3333333333333333
unrestricted,1,2.8,dynamic,2069.6778456594134,12,3.5999999999999996,1,12,1.0,3,1600066510|3800000110|3800000120,0.3333333333333333
unrestricted,1,2.8,myopic,2068.267820170242,12,3.5999999999999996,1,12,1.0,3,1600066510|3800000110|3800000120,0.3333333333333333
unrestricted,1,2.85,dynamic,2084.135278811771,12,3.5999999999999996,1,12,1.0,3,1600066510|3800000110|3800000120,0.3333333333333333
unrestricted,1,2.85,myopic,2082.735215891837,12,3.5999999999999996,1,12,1.0,3,1600066510|3800000110|3800000120,0.3333333333333333
unrestricted,1,2.9,dynamic,2098.592711964129,12,3.5999999999999996,1,12,1.0,3,1600066510|3800000110|3800000120,0.3333333333333333
unrestricted,1,2.9,myopic,2097.202611613431,12,3.5999999999999996,1,12,1.0,3,1600066510|3800000110|3800000120,0.3333333333333333
unrestricted,1,2.95,dynamic,2113.050145116487,12,3.5999999999999996,1,12,1.0,3,1600066510|3800000110|3800000120,0.3333333333333333
unrestricted,1,2.95,myopic,2111.6700073350257,12,3.5999999999999996,1,12,1.0,3,1600066510|3800000110|3800000120,0.3333333333333333
unrestricted,1,3.0,dynamic,2127.5075782688446,12,3.5999999999999996,1,12,1.0,3,1600066510|3800000110|3800000120,0.3333333333333333
unrestricted,1,3.0,myopic,2126.1374030566203,12,3.5999999999999996,1,12,1.0,3,1600066510|3800000110|3800000120,0.3333333333333333
unrestricted,1,3.05,dynamic,2141.9650114212022,12,3.5999999999999996,1,12,1.0,3,1600066510|3800000110|3800000120,0.3333333333333333
unrestricted,1,3.05,myopic,2140.6047987782144,12,3.5999999999999996,1,12,1.0,3,1600066510|3800000110|3800000120,0.3333333333333333
unrestricted,1,3.1,dynamic,2156.42244457356,12,3.5999999999999996,1,12,1.0,3,1600066510|3800000110|3800000120,0.3333333333333333
unrestricted,1,3.1,myopic,2155.0721944998095,12,3.5999999999999996,1,12,1.0,3,1600066510|3800000110|3800000120,0.3333333333333333
unrestricted,1,3.15,dynamic,2170.8798777259176,12,3.5999999999999996,1,12,1.0,3,1600066510|3800000110|3800000120,0.3333333333333333
unrestricted,1,3.15,myopic,2169.5395902214036,12,3.5999999999999996,1,12,1.0,3,1600066510|3800000110|3800000120,0.3333333333333333
unrestricted,1,3.2,dynamic,2185.3373108782753,12,3.5999999999999996,1,12,1.0,3,1600066510|3800000110|3800000120,0.3333333333333333
unrestricted,1,3.2,myopic,2184.0069859429987,12,3.5999999999999996,1,12,1.0,3,1600066510|3800000110|3800000120,0.3333333333333333
unrestricted,2,1.2,dynamic,1747.0480117797847,0,0.0,0,0,0.0,0,,1.0
unrestricted,2,1.2,myopic,1747.0480117797847,0,0.0,0,0,0.0,0,,1.0
unrestricted,2,1.25,dynamic,1747.0480117797847,0,0.0,0,0,0.0,0,,1.0
unrestricted,2,1.25,myopic,1747.0480117797847,0,0.0,0,0,0.0,0,,1.0
unrestricted,2,1.3,dynamic,1747.0480117797847,0,0.0,0,0,0.0,0,,1.0
unrestricted,2,1.3,myopic,1747.0480117797847,0,0.0,0,0,0.0,0,,1.0
unrestricted,2,1.35,dynamic,1747.0480117797847,0,0.0,0,0,0.0,0,,1.0
unrestricted,2,1.35,myopic,1747.0480117797847,0,0.0,0,0,0.0,0,,1.0
unrestricted,2,1.4,dynamic,1747.3468416614528,1,0.3,1,0,0.041666666666666664,1,3800000110,0.0
unrestricted,2,1.4,myopic,1739.0059449431096,4,1.2,1,0,0.16666666666666666,1,3800000110,0.0
unrestricted,2,1.45,dynamic,1748.5516059145923,1,0.3,1,0,0.041666666666666664,1,3800000110,0.0
unrestricted,2,1.45,myopic,1743.820830627123,4,1.2,1,0,0.16666666666666666,1,3800000110,0.0
unrestricted,2,1.5,dynamic,1750.8013691775,4,1.2,1,0,0.16666666666666666,1,3800000110,0.0
unrestricted,2,1.5,myopic,1748.6357163111363,4,1.2,1,0,0.16666666666666666,1,3800000110,0.0
unrestricted,2,1.55,dynamic,1755.568226382414,4,1.2,1,0,0.16666666666666666,1,3800000110,0.0
unrestricted,2,1.55,myopic,1753.4506019951498,4,1.2,1,0,0.16666666666666666,1,3800000110,0.0
unrestricted,2,1.6,dynamic,1760.3350835873282,4,1.2,1,0,0.16666666666666666,1,3800000110,0.0
unrestricted,2,1.6,myopic,1758.2654876791632,4,1.2,1,0,0.16666666666666666,1,3800000110,0.0
unrestricted,2,1.65,dynamic,1766.1541580103228,8,2.4,2,3,0.3333333333333333,2,3800000110|3800000120,0.5
unrestricted,2,1.65,myopic,1763.4885608876534,8,2.4,2,4,0.3333333333333333,2,3800000110|3800000120,0.5
unrestricted,2,1.7,dynamic,1775.0888003964415,8,2.4,2,3,0.3333333333333333,2,3800000110|3800000120,0.5
unrestricted,2,1.7,myopic,1772.4826010114343,8,2.4,2,4,0.3333333333333333,2,3800000110|3800000120,0.5
unrestricted,2,1.75,dynamic,1784.044646359284,8,2.4,2,4,0.3333333333333333,2,3800000110|3800000120,0.5
unrestricted,2,1.75,myopic,1781.4766411352145,8,2.4,2,4,0.3333333333333333,2,3800000110|3800000120,0.5
unrestricted,2,1.8,dynamic,1793.0115859595926,8,2.4,2,3,0.3333333333333333,2,3800000110|3800000120,0.5
unrestricted,2,1.8,myopic,1790.4706812589955,8,2.4,2,4,0.3333333333333333,2,3800000110|3800000120,0.5
unrestricted,2,1.85,dynamic,1802.0806443476663,9,2.7,2,2,0.375,3,1600066510|3800000110|3800000120,0.3333333333333333
unrestricted,2,1.85,myopic,1792.9276498433737,12,3.5999999999999996,2,4,0.5,3,1600066510|3800000110|3800000120,0.3333333333333333
unrestricted,2,1.9,dynamic,1812.4290330235149,9,2.7,2,2,0.375,3,1600066510|3800000110|3800000120,0.3333333333333333
unrestricted,2,1.9,myopic,1807.4367326223041,12,3.5999999999999996,2,4,0.5,3,1600066510|3800000110|3800000120,0.3333333333333333
unrestricted,2,1.95,dynamic,1825.5163894815432,12,3.5999999999999996,2,3,0.5,3,1600066510|3800000110|3800000120,0.3333333333333333
unrestricted,2,1.95,myopic,1821.9458154012345,12,3.5999999999999996,2,4,0.5,3,1600066510|3800000110|3800000120,0.3333333333333333
unrestricted,2,2.0,dynamic,1839.9998700626677,12,3.5999999999999996,2,3,0.5,3,1600066510|3800000110|3800000120,0.3333333333333333
unrestricted,2,2.0,myopic,1836.4548981801652,12,3.5999999999999996,2,4,0.5,3,1600066510|3800000110|3800000120,0.3333333333333333
unrestricted,2,2.05,dynamic,1854.4885749503758,12,3.5999999999999996,2,3,0.5,3,1600066510|3800000110|3800000120,0.3333333333333333
unrestricted,2,2.05,myopic,1850.963980959096,12,3.5999999999999996,2,4,0.5,3,1600066510|3800000110|3800000120,0.3333333333333333
unrestricted,2,2.1,dynamic,1868.9877746869709,12,3.5999999999999996,2,3,0.5,3,1600066510|3800000110|3800000120,0.3333333333333333
unrestricted,2,2.1,myopic,1865.4730637380267,12,3.5999999999999996,2,4,0.5,3,1600066510|3800000110|3800000120,0.3333333333333333
unrestricted,2,2.15,dynamic,1883.486974423566,12,3.5999999999999996,2,3,0.5,3,1600066510|3800000110|3800000120,0.3333333333333333
unrestricted,2,2.15,myopic,1876.5803180325015,16,4.8,2,8,0.6666666666666666,4,1600066510|3800000110|3800000120|3800000127,0.5
unrestricted,2,2.2,dynamic,1898.346630226293,13,3.9000000000000004,2,4,0.5416666666666666,4,1600066510|3800000110|3800000120|3800000127,0.5
unrestricted,2,2.2,myopic,1893.927305186588,16,4.8,2,8,0.6666666666666666,4,1600066510|3800000110|3800000120|3800000127,0.5
unrestricted,2,2.24,dynamic,1911.291933340262,16,4.8,2,6,0.6666666666666666,4,1600066510|3800000110|3800000120|3800000127,0.5
unrestricted,2,2.24,myopic,1907.8048949098572,16,4.8,2,8,0.6666666666666666,4,1600066510|3800000110|3800000120|3800000127,0.5
unrestricted,2,2.25,dynamic,1914.759354162612,16,4.8,2,6,0.6666666666666666,4,1600066510|3800000110|3800000120|3800000127,0.5
unrestricted,2,2.25,myopic,1911.2742923406745,16,4.8,2,8,0.6666666666666666,4,1600066510|3800000110|3800000120|3800000127,0.5
unrestricted,2,2.3,dynamic,1932.0964582743632,16,4.8,2,6,0.6666666666666666,4,1600066510|3800000110|3800000120|3800000127,0.5
unrestricted,2,2.3,myopic,1928.621279494761,16,4.8,2,8,0.6666666666666666,4,1600066510|3800000110|3800000120|3800000127,0.5
unrestricted,2,2.35,dynamic,1949.433562386114,16,4.8,2,6,0.6666666666666666,4,1600066510|3800000110|3800000120|3800000127,0.5
unrestricted,2,2.35,myopic,1945.9682666488475,16,4.8,2,8,0.6666666666666666,4,1600066510|3800000110|3800000120|3800000127,0.5
unrestricted,2,2.4,dynamic,1966.770666497865,16,4.8,2,6,0.6666666666666666,4,1600066510|3800000110|3800000120|3800000127,0.5
unrestricted,2,2.4,myopic,1963.315253802934,16,4.8,2,8,0.6666666666666666,4,1600066510|3800000110|3800000120|3800000127,0.5
unrestricted,2,2.45,dynamic,1984.1077706096157,16,4.8,2,6,0.6666666666666666,4,1600066510|3800000110|3800000120|3800000127,0.5
unrestricted,2,2.45,myopic,1967.2956181817044,20,6.0,2,8,0.8333333333333334,5,1600066510|3800000110|3800000120|3800000127|3800001611,0.4
unrestricted,2,2.5,dynamic,2001.4448747213667,16,4.8,2,6,0.6666666666666666,4,1600066510|3800000110|3800000120|3800000127,0.5
unrestricted,2,2.5,myopic,1987.625466035206,20,6.0,2,8,0.8333333333333334,5,1600066510|3800000110|3800000120|3800000127|3800001611,0.4
unrestricted,2,2.55,dynamic,2019.4920651363523,17,5.1,2,7,0.7083333333333334,5,1600066510|3800000110|3800000120|3800000127|3800001611,0.4
unrestricted,2,2.55,myopic,2005.3580474025398,24,7.2,2,12,1.0,6,1600066510|1600066590|3800000110|3800000120|3800000127|3800001611,0.3333333333333333
unrestricted,2,2.6,dynamic,2037.9744693883254,18,5.4,2,8,0.75,6,1600066510|1600066590|3800000110|3800000120|3800000127|3800001611,0.3333333333333333
unrestricted,2,2.6,myopic,2030.1923505684529,24,7.2,2,12,1.0,6,1600066510|1600066590|3800000110|3800000120|3800000127|3800001611,0.3333333333333333
unrestricted,2,2.65,dynamic,2058.696974753776,21,6.3,2,9,0.875,6,1600066510|1600066590|3800000110|3800000120|3800000127|3800001611,0.3333333333333333
unrestricted,2,2.65,myopic,2055.026653734365,24,7.2,2,12,1.0,6,1600066510|1600066590|3800000110|3800000120|3800000127|3800001611,0.3333333333333333
unrestricted,2,2.7,dynamic,2081.0235848809075,22,6.6,2,10,0.9166666666666666,6,1600066510|1600066590|3800000110|3800000120|3800000127|3800001611,0.3333333333333333
unrestricted,2,2.7,myopic,2079.860956900278,24,7.2,2,12,1.0,6,1600066510|1600066590|3800000110|3800000120|3800000127|3800001611,0.3333333333333333
unrestricted,2,2.75,dynamic,2105.878560473124,24,7.2,2,12,1.0,7,1600066510|1600066590|1600066610|3800000110|3800000120|3800000127|3800001611,0.2857142857142857
unrestricted,2,2.75,myopic,2104.6952600661907,24,7.2,2,12,1.0,6,1600066510|1600066590|3800000110|3800000120|3800000127|3800001611,0.3333333333333333
unrestricted,2,2.8,dynamic,2131.2769258098597,24,7.2,2,12,1.0,7,1600066510|1600066590|1600066610|3800000110|3800000120|3800000127|3800001611,0.2857142857142857
unrestricted,2,2.8,myopic,2129.529563232103,24,7.2,2,12,1.0,6,1600066510|1600066590|3800000110|3800000120|3800000127|3800001611,0.3333333333333333
unrestricted,2,2.85,dynamic,2156.675291146596,24,7.2,2,12,1.0,7,1600066510|1600066590|1600066610|3800000110|3800000120|3800000127|3800001611,0.2857142857142857
unrestricted,2,2.85,myopic,2154.363866398016,24,7.2,2,12,1.0,6,1600066510|1600066590|3800000110|3800000120|3800000127|3800001611,0.3333333333333333
unrestricted,2,2.9,dynamic,2182.073656483332,24,7.2,2,12,1.0,7,1600066510|1600066590|1600066610|3800000110|3800000120|3800000127|3800001611,0.2857142857142857
unrestricted,2,2.9,myopic,2179.198169563928,24,7.2,2,12,1.0,6,1600066510|1600066590|3800000110|3800000120|3800000127|3800001611,0.3333333333333333
unrestricted,2,2.95,dynamic,2207.4720218200678,24,7.2,2,12,1.0,7,1600066510|1600066590|1600066610|3800000110|3800000120|3800000127|3800001611,0.2857142857142857
unrestricted,2,2.95,myopic,2204.032472729841,24,7.2,2,12,1.0,6,1600066510|1600066590|3800000110|3800000120|3800000127|3800001611,0.3333333333333333
unrestricted,2,3.0,dynamic,2232.870387156804,24,7.2,2,12,1.0,7,1600066510|1600066590|1600066610|3800000110|3800000120|3800000127|3800001611,0.2857142857142857
unrestricted,2,3.0,myopic,2228.8667758957536,24,7.2,2,12,1.0,6,1600066510|1600066590|3800000110|3800000120|3800000127|3800001611,0.3333333333333333
unrestricted,2,3.05,dynamic,2258.26875249354,24,7.2,2,12,1.0,7,1600066510|1600066590|1600066610|3800000110|3800000120|3800000127|3800001611,0.2857142857142857
unrestricted,2,3.05,myopic,2253.701079061666,24,7.2,2,12,1.0,6,1600066510|1600066590|3800000110|3800000120|3800000127|3800001611,0.3333333333333333
unrestricted,2,3.1,dynamic,2283.6671178302763,24,7.2,2,12,1.0,7,1600066510|1600066590|1600066610|3800000110|3800000120|3800000127|3800001611,0.2857142857142857
unrestricted,2,3.1,myopic,2278.5353822275792,24,7.2,2,12,1.0,6,1600066510|1600066590|3800000110|3800000120|3800000127|3800001611,0.3333333333333333
unrestricted,2,3.15,dynamic,2309.065483167012,24,7.2,2,12,1.0,7,1600066510|1600066590|1600066610|3800000110|3800000120|3800000127|3800001611,0.2857142857142857
unrestricted,2,3.15,myopic,2303.3696853934916,24,7.2,2,12,1.0,6,1600066510|1600066590|3800000110|3800000120|3800000127|3800001611,0.3333333333333333
unrestricted,2,3.2,dynamic,2334.4638485037485,24,7.2,2,12,1.0,7,1600066510|1600066590|1600066610|3800000110|3800000120|3800000127|3800001611,0.2857142857142857
unrestricted,2,3.2,myopic,2328.2039885594045,24,7.2,2,12,1.0,6,1600066510|1600066590|3800000110|3800000120|3800000127|3800001611,0.3333333333333333
unrestricted,3,1.2,dynamic,1747.0480117797847,0,0.0,0,0,0.0,0,,1.0
unrestricted,3,1.2,myopic,1747.0480117797847,0,0.0,0,0,0.0,0,,1.0
unrestricted,3,1.25,dynamic,1747.0480117797847,0,0.0,0,0,0.0,0,,1.0
unrestricted,3,1.25,myopic,1747.0480117797847,0,0.0,0,0,0.0,0,,1.0
unrestricted,3,1.3,dynamic,1747.0480117797847,0,0.0,0,0,0.0,0,,1.0
unrestricted,3,1.3,myopic,1747.0480117797847,0,0.0,0,0,0.0,0,,1.0
unrestricted,3,1.35,dynamic,1747.0480117797847,0,0.0,0,0,0.0,0,,1.0
unrestricted,3,1.35,myopic,1747.0480117797847,0,0.0,0,0,0.0,0,,1.0
unrestricted,3,1.4,dynamic,1747.3468416614528,1,0.3,1,0,0.027777777777777776,1,3800000110,0.0
unrestricted,3,1.4,myopic,1739.0059449431096,4,1.2,1,0,0.1111111111111111,1,3800000110,0.0
unrestricted,3,1.45,dynamic,1748.5516059145923,1,0.3,1,0,0.027777777777777776,1,3800000110,0.0
unrestricted,3,1.45,myopic,1743.820830627123,4,1.2,1,0,0.1111111111111111,1,3800000110,0.0
unrestricted,3,1.5,dynamic,1750.8013691775,4,1.2,1,0,0.1111111111111111,1,3800000110,0.0
unrestricted,3,1.5,myopic,1748.6357163111363,4,1.2,1,0,0.1111111111111111,1,3800000110,0.0
unrestricted,3,1.55,dynamic,1755.568226382414,4,1.2,1,0,0.1111111111111111,1,3800000110,0.0
unrestricted,3,1.55,myopic,1753.4506019951498,4,1.2,1,0,0.1111111111111111,1,3800000110,0.0
unrestricted,3,1.6,dynamic,1760.3350835873282,4,1.2,1,0,0.1111111111111111,1,3800000110,0.0
unrestricted,3,1.6,myopic,1758.2654876791632,4,1.2,1,0,0.1111111111111111,1,3800000110,0.0
unrestricted,3,1.65,dynamic,1766.1541580103228,8,2.4,2,0,0.2222222222222222,2,3800000110|3800000120,0.5
unrestricted,3,1.65,myopic,1763.4885608876534,8,2.4,2,0,0.2222222222222222,2,3800000110|3800000120,0.5
unrestricted,3,1.7,dynamic,1775.0888003964415,8,2.4,2,0,0.2222222222222222,2,3800000110|3800000120,0.5
unrestricted,3,1.7,myopic,1772.4826010114343,8,2.4,2,0,0.2222222222222222,2,3800000110|3800000120,0.5
unrestricted,3,1.75,dynamic,1784.044646359284,8,2.4,2,0,0.2222222222222222,2,3800000110|3800000120,0.5
unrestricted,3,1.75,myopic,1781.4766411352145,8,2.4,2,0,0.2222222222222222,2,3800000110|3800000120,0.5
unrestricted,3,1.8,dynamic,1793.0115859595926,8,2.4,2,0,0.2222222222222222,2,3800000110|3800000120,0.5
unrestricted,3,1.8,myopic,1790.4706812589955,8,2.4,2,0,0.2222222222222222,2,3800000110|3800000120,0.5
unrestricted,3,1.85,dynamic,1802.4543310399042,9,2.7,3,1,0.25,3,1600066510|3800000110|3800000120,0.3333333333333333
unrestricted,3,1.85,myopic,1792.2038824055976,12,3.5999999999999996,3,4,0.3333333333333333,3,1600066510|3800000110|3800000120,0.3333333333333333
unrestricted,3,1.9,dynamic,1812.7942247522658,9,2.7,3,1,0.25,3,1600066510|3800000110|3800000120,0.3333333333333333
unrestricted,3,1.9,myopic,1806.7406789892502,12,3.5999999999999996,3,4,0.3333333333333333,3,1600066510|3800000110|3800000120,0.3333333333333333
unrestricted,3,1.95,dynamic,1825.8730862468071,12,3.5999999999999996,3,2,0.3333333333333333,3,1600066510|3800000110|3800000120,0.3333333333333333
unrestricted,3,1.95,myopic,1821.2774755729024,12,3.5999999999999996,3,4,0.3333333333333333,3,1600066510|3800000110|3800000120,0.3333333333333333
unrestricted,3,2.0,dynamic,1840.3437840040513,12,3.5999999999999996,3,2,0.3333333333333333,3,1600066510|3800000110|3800000120,0.3333333333333333
unrestricted,3,2.0,myopic,1835.8142721565548,12,3.5999999999999996,3,4,0.3333333333333333,3,1600066510|3800000110|3800000120,0.3333333333333333
unrestricted,3,2.05,dynamic,1854.8242404174791,12,3.5999999999999996,3,1,0.3333333333333333,3,1600066510|3800000110|3800000120,0.3333333333333333
unrestricted,3,2.05,myopic,1850.3510687402074,12,3.5999999999999996,3,4,0.3333333333333333,3,1600066510|3800000110|3800000120,0.3333333333333333
unrestricted,3,2.1,dynamic,1869.3278708604164,12,3.5999999999999996,3,2,0.3333333333333333,3,1600066510|3800000110|3800000120,0.3333333333333333
unrestricted,3,2.1,myopic,1864.8878653238598,12,3.5999999999999996,3,4,0.3333333333333333,3,1600066510|3800000110|3800000120,0.3333333333333333
unrestricted,3,2.15,dynamic,1883.9877805422927,13,3.9000000000000004,3,2,0.3611111111111111,4,1600066510|3800000110|3800000120|3800000127,0.5
unrestricted,3,2.15,myopic,1876.0228334230567,16,4.8,3,4,0.4444444444444444,4,1600066510|3800000110|3800000120|3800000127,0.5
unrestricted,3,2.2,dynamic,1899.1997475107498,13,3.9000000000000004,3,2,0.3611111111111111,4,1600066510|3800000110|3800000120|3800000127,0.5
unrestricted,3,2.2,myopic,1893.3975343818652,16,4.8,3,4,0.4444444444444444,4,1600066510|3800000110|3800000120|3800000127,0.5
unrestricted,3,2.24,dynamic,1912.2747136411654,16,4.8,3,3,0.4444444444444444,4,1600066510|3800000110|3800000120|3800000127,0.5
unrestricted,3,2.24,myopic,1907.2972951489116,16,4.8,3,4,0.4444444444444444,4,1600066510|3800000110|3800000120|3800000127,0.5
unrestricted,3,2.25,dynamic,1915.7438535992292,16,4.8,3,3,0.4444444444444444,4,1600066510|3800000110|3800000120|3800000127,0.5
unrestricted,3,2.25,myopic,1910.7722353406732,16,4.8,3,4,0.4444444444444444,4,1600066510|3800000110|3800000120|3800000127,0.5
unrestricted,3,2.3,dynamic,1933.0919244995102,16,4.8,3,3,0.4444444444444444,4,1600066510|3800000110|3800000120|3800000127,0.5
unrestricted,3,2.3,myopic,1928.1469362994812,16,4.8,3,4,0.4444444444444444,4,1600066510|3800000110|3800000120|3800000127,0.5
unrestricted,3,2.35,dynamic,1950.445676997581,16,4.8,3,3,0.4444444444444444,4,1600066510|3800000110|3800000120|3800000127,0.5
unrestricted,3,2.35,myopic,1945.52163725829,16,4.8,3,4,0.4444444444444444,4,1600066510|3800000110|3800000120|3800000127,0.5
unrestricted,3,2.4,dynamic,1967.799429495651,16,4.8,3,3,0.4444444444444444,4,1600066510|3800000110|3800000120|3800000127,0.5
unrestricted,3,2.4,myopic,1962.8963382170982,16,4.8,3,4,0.4444444444444444,4,1600066510|3800000110|3800000120|3800000127,0.5
unrestricted,3,2.45,dynamic,1985.1531819937215,16,4.8,3,3,0.4444444444444444,4,1600066510|3800000110|3800000120|3800000127,0.5
unrestricted,3,2.45,myopic,1963.5953999369135,20,6.0,3,4,0.5555555555555556,5,1600066510|3800000110|3800000120|3800000127|3800001611,0.4
unrestricted,3,2.5,dynamic,2002.8192396283139,17,5.1,3,3,0.4722222222222222,5,1600066510|3800000110|3800000120|3800000127|3800001611,0.4
unrestricted,3,2.5,myopic,1984.4954358180353,20,6.0,3,4,0.5555555555555556,5,1600066510|3800000110|3800000120|3800000127|3800001611,0.4
unrestricted,3,2.55,dynamic,2021.0581699268807,17,5.1,3,2,0.4722222222222222,5,1600066510|3800000110|3800000120|3800000127|3800001611,0.4
unrestricted,3,2.55,myopic,2000.964391519943,24,7.2,3,8,0.6666666666666666,6,1600066510|1600066590|3800000110|3800000120|3800000127|3800001611,0.3333333333333333
unrestricted,3,2.6,dynamic,2039.9980213050835,18,5.4,3,3,0.5,6,1600066510|1600066590|3800000110|3800000120|3800000127|3800001611,0.3333333333333333
unrestricted,3,2.6,myopic,2025.857180865446,24,7.2,3,8,0.6666666666666666,6,1600066510|1600066590|3800000110|3800000120|3800000127|3800001611,0.3333333333333333
unrestricted,3,2.65,dynamic,2061.143795889615,21,6.3,3,5,0.5833333333333334,6,1600066510|1600066590|3800000110|3800000120|3800000127|3800001611,0.3333333333333333
unrestricted,3,2.65,myopic,2047.5539831424553,28,8.4,3,8,0.7777777777777778,7,1600066510|1600066590|1600066610|3800000110|3800000120|3800000127|3800001611,0.2857142857142857
unrestricted,3,2.7,dynamic,2083.8847922596133,23,6.9,3,5,0.6388888888888888,7,1600066510|1600066590|1600066610|3800000110|3800000120|3800000127|3800001611,0.2857142857142857
unrestricted,3,2.7,myopic,2073.8580589606763,32,8.799999999999999,3,8,0.8888888888888888,8,1600066510|1600066590|1600066610|3800000110|3800000120|3800000127|3800001520|3800001611,0.25
unrestricted,3,2.75,dynamic,2111.839248729944,28,8.4,3,6,0.7777777777777778,7,1600066510|1600066590|1600066610|3800000110|3800000120|3800000127|3800001611,0.2857142857142857
unrestricted,3,2.75,myopic,2103.924247602423,32,8.799999999999999,3,8,0.8888888888888888,8,1600066510|1600066590|1600066610|3800000110|3800000120|3800000127|3800001520|3800001611,0.25
unrestricted,3,2.8,dynamic,2140.98580911382,28,8.4,3,6,0.7777777777777778,7,1600066510|1600066590|1600066610|3800000110|3800000120|3800000127|3800001611,0.2857142857142857
unrestricted,3,2.8,myopic,2131.268989193757,32,9.2,3,8,0.8888888888888888,8,1600066510|1600066590|1600066610|3800000110|3800000120|3800000127|3800001520|3800001611,0.25
unrestricted,3,2.85,dynamic,2170.1875107005044,29,8.5,3,6,0.8055555555555556,8,1600066510|1600066590|1600066610|3800000110|3800000120|3800000127|3800001520|3800001611,0.25
unrestricted,3,2.85,myopic,2161.029057558743,32,9.6,3,8,0.8888888888888888,8,1600066510|1600066590|1600066610|3800000110|3800000120|3800000127|3800001520|3800001611,0.25
unrestricted,3,2.9,dynamic,2200.0940266101356,30,8.799999999999999,3,7,0.8333333333333334,8,1600066510|1600066590|1600066610|3800000110|3800000120|3800000127|3800001520|3800001611,0.25
unrestricted,3,2.9,myopic,2194.1694070941285,32,9.6,3,8,0.8888888888888888,8,1600066510|1600066590|1600066610|3800000110|3800000120|3800000127|3800001520|3800001611,0.25
unrestricted,3,2.95,dynamic,2231.3872080988563,32,9.6,3,8,0.8888888888888888,8,1600066510|1600066590|1600066610|3800000110|3800000120|3800000127|3800001520|3800001611,0.25
unrestricted,3,2.95,myopic,2227.3097566295146,32,9.6,3,8,0.8888888888888888,8,1600066510|1600066590|1600066610|3800000110|3800000120|3800000127|3800001520|3800001611,0.25
unrestricted,3,3.0,dynamic,2264.58309967308,32,9.6,3,8,0.8888888888888888,8,1600066510|1600066590|1600066610|3800000110|3800000120|3800000127|3800001520|3800001611,0.25
unrestricted,3,3.0,myopic,2260.4501061649,32,9.6,3,8,0.8888888888888888,8,1600066510|1600066590|1600066610|3800000110|3800000120|3800000127|3800001520|3800001611,0.25
unrestricted,3,3.05,dynamic,2297.831996482817,32,9.6,3,8,0.8888888888888888,8,1600066510|1600066590|1600066610|3800000110|3800000120|3800000127|3800001520|3800001611,0.25
unrestricted,3,3.05,myopic,2293.5904557002855,32,9.6,3,8,0.8888888888888888,8,1600066510|1600066590|1600066610|3800000110|3800000120|3800000127|3800001520|3800001611,0.25
unrestricted,3,3.1,dynamic,2330.982243503062,32,9.6,3,8,0.8888888888888888,8,1600066510|1600066590|1600066610|3800000110|3800000120|3800000127|3800001520|3800001611,0.25
unrestricted,3,3.1,myopic,2326.7308052356716,32,9.6,3,8,0.8888888888888888,8,1600066510|1600066590|1600066610|3800000110|3800000120|3800000127|3800001520|3800001611,0.25
unrestricted,3,3.15,dynamic,2364.1344634294187,32,9.6,3,8,0.8888888888888888,8,1600066510|1600066590|1600066610|3800000110|3800000120|3800000127|3800001520|3800001611,0.25
unrestricted,3,3.15,myopic,2359.8711547710573,32,9.6,3,8,0.8888888888888888,8,1600066510|1600066590|1600066610|3800000110|3800000120|3800000127|3800001520|3800001611,0.25
unrestricted,3,3.2,dynamic,2397.21236094869,32,9.6,3,8,0.8888888888888888,8,1600066510|1600066590|1600066610|3800000110|3800000120|3800000127|3800001520|3800001611,0.25
unrestricted,3,3.2,myopic,2393.0115043064434,32,9.6,3,8,0.8888888888888888,8,1600066510|1600066590|1600066610|3800000110|3800000120|3800000127|3800001520|3800001611,0.25
unrestricted,8,1.2,dynamic,1747.0480117797847,0,0.0,0,0,0.0,0,,1.0
unrestricted,8,1.2,myopic,1747.0480117797847,0,0.0,0,0,0.0,0,,1.0
unrestricted,8,1.25,dynamic,1747.0480117797847,0,0.0,0,0,0.0,0,,1.0
unrestricted,8,1.25,myopic,1747.0480117797847,0,0.0,0,0,0.0,0,,1.0
unrestricted,8,1.3,dynamic,1747.0480117797847,0,0.0,0,0,0.0,0,,1.0
unrestricted,8,1.3,myopic,1747.0480117797847,0,0.0,0,0,0.0,0,,1.0
unrestricted,8,1.35,dynamic,1747.0480117797847,0,0.0,0,0,0.0,0,,1.0
unrestricted,8,1.35,myopic,1747.0480117797847,0,0.0,0,0,0.0,0,,1.0
unrestricted,8,1.4,dynamic,1747.3468416614528,1,0.3,1,0,0.010416666666666666,1,3800000110,0.0
unrestricted,8,1.4,myopic,1739.0059449431096,4,1.2,1,0,0.041666666666666664,1,3800000110,0.0
unrestricted,8,1.45,dynamic,1748.5516059145923,1,0.3,1,0,0.010416666666666666,1,3800000110,0.0
unrestricted,8,1.45,myopic,1743.820830627123,4,1.2,1,0,0.041666666666666664,1,3800000110,0.0
unrestricted,8,1.5,dynamic,1750.8013691775,4,1.2,1,0,0.041666666666666664,1,3800000110,0.0
unrestricted,8,1.5,myopic,1748.6357163111363,4,1.2,1,0,0.041666666666666664,1,3800000110,0.0
unrestricted,8,1.55,dynamic,1755.568226382414,4,1.2,1,0,0.041666666666666664,1,3800000110,0.0
unrestricted,8,1.55,myopic,1753.4506019951498,4,1.2,1,0,0.041666666666666664,1,3800000110,0.0
unrestricted,8,1.6,dynamic,1760.3350835873282,4,1.2,1,0,0.041666666666666664,1,3800000110,0.0
unrestricted,8,1.6,myopic,1758.2654876791632,4,1.2,1,0,0.041666666666666664,1,3800000110,0.0
unrestricted,8,1.65,dynamic,1766.1541580103228,8,2.4,2,0,0.08333333333333333,2,3800000110|3800000120,0.5
unrestricted,8,1.65,myopic,1763.4885608876534,8,2.4,2,0,0.08333333333333333,2,3800000110|3800000120,0.5
unrestricted,8,1.7,dynamic,1775.0888003964415,8,2.4,2,0,0.08333333333333333,2,3800000110|3800000120,0.5
unrestricted,8,1.7,myopic,1772.4826010114343,8,2.4,2,0,0.08333333333333333,2,3800000110|3800000120,0.5
unrestricted,8,1.75,dynamic,1784.044646359284,8,2.4,2,0,0.08333333333333333,2,3800000110|3800000120,0.5
unrestricted,8,1.75,myopic,1781.4766411352145,8,2.4,2,0,0.08333333333333333,2,3800000110|3800000120,0.5
unrestricted,8,1.8,dynamic,1793.0115859595926,8,2.4,2,0,0.08333333333333333,2,3800000110|3800000120,0.5
unrestricted,8,1.8,myopic,1790.4706812589955,8,2.4,2,0,0.08333333333333333,2,3800000110|3800000120,0.5
unrestricted,8,1.85,dynamic,1802.4543310399042,9,2.7,3,0,0.09375,3,1600066510|3800000110|3800000120,0.3333333333333333
unrestricted,8,1.85,myopic,1792.2038824055976,12,3.5999999999999996,3,0,0.125,3,1600066510|3800000110|3800000120,0.3333333333333333
unrestricted,8,1.9,dynamic,1812.7942247522658,9,2.7,3,0,0.09375,3,1600066510|3800000110|3800000120,0.3333333333333333
unrestricted,8,1.9,myopic,1806.7406789892502,12,3.5999999999999996,3,0,0.125,3,1600066510|3800000110|3800000120,0.3333333333333333
unrestricted,8,1.95,dynamic,1825.8730862468071,12,3.5999999999999996,3,0,0.125,3,1600066510|3800000110|3800000120,0.3333333333333333
unrestricted,8,1.95,myopic,1821.2774755729024,12,3.5999999999999996,3,0,0.125,3,1600066510|3800000110|3800000120,0.3333333333333333
unrestricted,8,2.0,dynamic,1840.3437840040513,12,3.5999999999999996,3,0,0.125,3,1600066510|3800000110|3800000120,0.3333333333333333
unrestricted,8,2.0,myopic,1835.8142721565548,12,3.5999999999999996,3,0,0.125,3,1600066510|3800000110|3800000120,0.3333333333333333
unrestricted,8,2.05,dynamic,1854.8242404174791,12,3.5999999999999996,3,0,0.125,3,1600066510|3800000110|3800000120,0.3333333333333333
unrestricted,8,2.05,myopic,1850.3510687402074,12,3.5999999999999996,3,0,0.125,3,1600066510|3800000110|3800000120,0.3333333333333333
unrestricted,8,2.1,dynamic,1869.3278708604164,12,3.5999999999999996,3,0,0.125,3,1600066510|3800000110|3800000120,0.3333333333333333
unrestricted,8,2.1,myopic,1864.8878653238598,12,3.5999999999999996,3,0,0.125,3,1600066510|3800000110|3800000120,0.3333333333333333
unrestricted,8,2.15,dynamic,1884.3162189579791,13,3.9000000000000004,4,0,0.13541666666666666,4,1600066510|3800000110|3800000120|3800000127,0.5
unrestricted,8,2.15,myopic,1875.6049118219203,16,4.8,4,0,0.16666666666666666,4,1600066510|3800000110|3800000120|3800000127,0.5
unrestricted,8,2.2,dynamic,1899.5245724007275,13,3.9000000000000004,4,0,0.13541666666666666,4,1600066510|3800000110|3800000120|3800000127,0.5
unrestricted,8,2.2,myopic,1892.9938736036602,16,4.8,4,0,0.16666666666666666,4,1600066510|3800000110|3800000120|3800000127,0.5
unrestricted,8,2.24,dynamic,1912.5966477105765,16,4.8,4,0,0.16666666666666666,4,1600066510|3800000110|3800000120|3800000127,0.5
unrestricted,8,2.24,myopic,1906.9050430290526,16,4.8,4,0,0.16666666666666666,4,1600066510|3800000110|3800000120|3800000127,0.5
unrestricted,8,2.25,dynamic,1916.0650649634986,16,4.8,4,0,0.16666666666666666,4,1600066510|3800000110|3800000120|3800000127,0.5
unrestricted,8,2.25,myopic,1910.3828353854005,16,4.8,4,0,0.16666666666666666,4,1600066510|3800000110|3800000120|3800000127,0.5
unrestricted,8,2.3,dynamic,1933.409522338071,16,4.8,4,0,0.16666666666666666,4,1600066510|3800000110|3800000120|3800000127,0.5
unrestricted,8,2.3,myopic,1927.7717971671404,16,4.8,4,0,0.16666666666666666,4,1600066510|3800000110|3800000120|3800000127,0.5
unrestricted,8,2.35,dynamic,1950.7649422814834,16,4.8,4,0,0.16666666666666666,4,1600066510|3800000110|3800000120|3800000127,0.5
unrestricted,8,2.35,myopic,1945.160758948881,16,4.8,4,0,0.16666666666666666,4,1600066510|3800000110|3800000120|3800000127,0.5
unrestricted,8,2.4,dynamic,1968.1210473213182,16,4.8,4,0,0.16666666666666666,4,1600066510|3800000110|3800000120|3800000127,0.5
unrestricted,8,2.4,myopic,1962.5497207306212,16,4.8,4,0,0.16666666666666666,4,1600066510|3800000110|3800000120|3800000127,0.5
unrestricted,8,2.45,dynamic,1985.8067874099406,17,5.1,5,0,0.17708333333333334,5,1600066510|3800000110|3800000120|3800000127|3800001611,0.4
unrestricted,8,2.45,myopic,1961.987114356517,20,6.0,5,0,0.20833333333333334,5,1600066510|3800000110|3800000120|3800000127|3800001611,0.4
unrestricted,8,2.5,dynamic,2004.0446713344245,17,5.1,5,0,0.17708333333333334,5,1600066510|3800000110|3800000120|3800000127|3800001611,0.4
unrestricted,8,2.5,myopic,1982.9191263182947,20,6.0,5,0,0.20833333333333334,5,1600066510|3800000110|3800000120|3800000127|3800001611,0.4
unrestricted,8,2.55,dynamic,2023.0381351070396,18,5.4,6,0,0.1875,6,1600066510|1600066590|3800000110|3800000120|3800000127|3800001611,0.3333333333333333
unrestricted,8,2.55,myopic,1998.7626098478627,24,7.2,6,0,0.25,6,1600066510|1600066590|3800000110|3800000120|3800000127|3800001611,0.3333333333333333
unrestricted,8,2.6,dynamic,2042.2620137041404,18,5.4,6,0,0.1875,6,1600066510|1600066590|3800000110|3800000120|3800000127|3800001611,0.3333333333333333
unrestricted,8,2.6,myopic,2023.7074393790554,24,7.2,6,0,0.25,6,1600066510|1600066590|3800000110|3800000120|3800000127|3800001611,0.3333333333333333
unrestricted,8,2.65,dynamic,2064.01388252751,22,6.6000000000000005,7,0,0.22916666666666666,7,1600066510|1600066590|1600066610|3800000110|3800000120|3800000127|3800001611,0.2857142857142857
unrestricted,8,2.65,myopic,2043.9270430242216,28,8.4,7,0,0.2916666666666667,7,1600066510|1600066590|1600066610|3800000110|3800000120|3800000127|3800001611,0.2857142857142857
unrestricted,8,2.7,dynamic,2087.50629829224,24,7.0,8,1,0.25,8,1600066510|1600066590|1600066610|3800000110|3800000120|3800000127|3800001520|3800001611,0.25
unrestricted,8,2.7,myopic,2069.280402624766,32,8.799999999999999,8,4,0.3333333333333333,8,1600066510|1600066590|1600066610|3800000110|3800000120|3800000127|3800001520|3800001611,0.25
unrestricted,8,2.75,dynamic,2115.7958390096824,29,8.5,8,1,0.3020833333333333,8,1600066510|1600066590|1600066610|3800000110|3800000120|3800000127|3800001520|3800001611,0.25
unrestricted,8,2.75,myopic,2099.4507560515403,32,8.799999999999999,8,4,0.3333333333333333,8,1600066510|1600066590|1600066610|3800000110|3800000120|3800000127|3800001520|3800001611,0.25
unrestricted,8,2.8,dynamic,2145.2643057753244,29,8.6,8,1,0.3020833333333333,8,1600066510|1600066590|1600066610|3800000110|3800000120|3800000127|3800001520|3800001611,0.375
unrestricted,8,2.8,myopic,2125.9113391199107,32,9.2,8,4,0.3333333333333333,8,1600066510|1600066590|1600066610|3800000110|3800000120|3800000127|3800001520|3800001611,0.25
unrestricted,8,2.85,dynamic,2175.334226235549,29,8.7,8,1,0.3020833333333333,8,1600066510|1600066590|1600066610|3800000110|3800000120|3800000127|3800001520|3800001611,0.25
unrestricted,8,2.85,myopic,2154.8631407745825,32,9.6,8,4,0.3333333333333333,8,1600066510|1600066590|1600066610|3800000110|3800000120|3800000127|3800001520|3800001611,0.25
unrestricted,8,2.9,dynamic,2205.659983018319,30,8.799999999999999,8,1,0.3125,8,1600066510|1600066590|1600066610|3800000110|3800000120|3800000127|3800001520|3800001611,0.25
unrestricted,8,2.9,myopic,2188.13862880899,32,9.6,8,4,0.3333333333333333,8,1600066510|1600066590|1600066610|3800000110|3800000120|3800000127|3800001520|3800001611,0.25
unrestricted,8,2.95,dynamic,2237.1543801177027,32,9.6,8,1,0.3333333333333333,8,1600066510|1600066590|1600066610|3800000110|3800000120|3800000127|3800001520|3800001611,0.25
unrestricted,8,2.95,myopic,2221.4141168433976,32,9.6,8,4,0.3333333333333333,8,1600066510|1600066590|1600066610|3800000110|3800000120|3800000127|3800001520|3800001611,0.25
unrestricted,8,3.0,dynamic,2270.356731408723,32,9.6,8,1,0.3333333333333333,8,1600066510|1600066590|1600066610|3800000110|3800000120|3800000127|3800001520|3800001611,0.25
unrestricted,8,3.0,myopic,2254.6896048778044,32,9.6,8,4,0.3333333333333333,8,1600066510|1600066590|1600066610|3800000110|3800000120|3800000127|3800001520|3800001611,0.25
unrestricted,8,3.05,dynamic,2303.562661447652,32,9.6,8,1,0.3333333333333333,8,1600066510|1600066590|1600066610|3800000110|3800000120|3800000127|3800001520|3800001611,0.25
unrestricted,8,3.05,myopic,2287.9650929122117,32,9.6,8,4,0.3333333333333333,8,1600066510|1600066590|1600066610|3800000110|3800000120|3800000127|3800001520|3800001611,0.25
unrestricted,8,3.1,dynamic,2336.7768969775516,32,9.6,8,1,0.3333333333333333,8,1600066510|1600066590|1600066610|3800000110|3800000120|3800000127|3800001520|3800001611,0.25
unrestricted,8,3.1,myopic,2321.240580946619,32,9.6,8,4,0.3333333333333333,8,1600066510|1600066590|1600066610|3800000110|3800000120|3800000127|3800001520|3800001611,0.25
unrestricted,8,3.15,dynamic,2369.991801503547,32,9.6,8,1,0.3333333333333333,8,1600066510|1600066590|1600066610|3800000110|3800000120|3800000127|3800001520|3800001611,0.25
unrestricted,8,3.15,myopic,2354.5160689810264,32,9.6,8,4,0.3333333333333333,8,1600066510|1600066590|1600066610|3800000110|3800000120|3800000127|3800001520|3800001611,0.25
unrestricted,8,3.2,dynamic,2403.2155312016453,32,9.6,8,1,0.3333333333333333,8,1600066510|1600066590|1600066610|3800000110|3800000120|3800000127|3800001520|3800001611,0.25
unrestricted,8,3.2,myopic,2387.791557015434,32,9.6,8,4,0.3333333333333333,8,1600066510|1600066590|1600066610|3800000110|3800000120|3800000127|3800001520|3800001611,0.25
