alpha,policy,mean_profit,p10_profit,mean_regret,p90_regret,maximum_regret,mean_promotion_count,mean_promotion_depth,promotion_DGP_share,median_first_promotion_week
0.0,dro,208.88001835160247,208.88001835160247,0.0,0.0,0.0,0.0,0.0,0.0,
0.0,myopic,208.88001835160247,208.88001835160247,0.0,0.0,0.0,0.0,0.0,0.0,
0.0,nominal_dynamic,208.88001835160247,208.88001835160247,0.0,0.0,0.0,0.0,0.0,0.0,
0.05,dro,208.88001835160247,208.88001835160247,0.0,0.0,0.0,0.0,0.0,0.0,
0.05,myopic,208.88001835160247,208.88001835160247,0.0,0.0,0.0,0.0,0.0,0.0,
0.05,nominal_dynamic,208.88001835160247,208.88001835160247,0.0,0.0,0.0,0.0,0.0,0.0,
0.1,dro,208.88001835160247,208.88001835160247,0.0,0.0,0.0,0.0,0.0,0.0,
0.1,myopic,208.88001835160247,208.88001835160247,0.0,0.0,0.0,0.0,0.0,0.0,
0.1,nominal_dynamic,208.88001835160247,208.88001835160247,0.0,0.0,0.0,0.0,0.0,0.0,
0.15,dro,208.88001835160247,208.88001835160247,0.0,0.0,0.0,0.0,0.0,0.0,
0.15,myopic,208.88001835160247,208.88001835160247,0.0,0.0,0.0,0.0,0.0,0.0,
0.15,nominal_dynamic,208.88001835160247,208.88001835160247,0.0,0.0,0.0,0.0,0.0,0.0,
0.2,dro,208.88001835160247,208.88001835160247,0.0,0.0,0.0,0.0,0.0,0.0,
0.2,myopic,208.88001835160247,208.88001835160247,0.0,0.0,0.0,0.0,0.0,0.0,
0.2,nominal_dynamic,208.88001835160247,208.88001835160247,0.0,0.0,0.0,0.0,0.0,0.0,
0.25,dro,208.88001835160247,208.88001835160247,0.0,0.0,0.0,0.0,0.0,0.0,
0.25,myopic,208.88001835160247,208.88001835160247,0.0,0.0,0.0,0.0,0.0,0.0,
0.25,nominal_dynamic,208.88001835160247,208.88001835160247,0.0,0.0,0.0,0.0,0.0,0.0,
0.3,dro,208.88001835160247,208.88001835160247,0.0,0.0,0.0,0.0,0.0,0.0,
0.3,myopic,208.88001835160247,208.88001835160247,0.0,0.0,0.0,0.0,0.0,0.0,
0.3,nominal_dynamic,208.88001835160247,208.88001835160247,0.0,0.0,0.0,0.0,0.0,0.0,
0.35,dro,208.88001835160247,208.88001835160247,0.0,0.0,0.0,0.0,0.0,0.0,
0.35,myopic,208.88001835160247,208.88001835160247,0.0,0.0,0.0,0.0,0.0,0.0,
0.35,nominal_dynamic,208.88001835160247,208.88001835160247,0.0,0.0,0.0,0.0,0.0,0.0,
0.4,dro,208.88001835160247,208.88001835160247,0.0,0.0,0.0,0.0,0.0,0.0,
0.4,myopic,208.88001835160247,208.88001835160247,0.0,0.0,0.0,0.0,0.0,0.0,
0.4,nominal_dynamic,208.88001835160247,208.88001835160247,0.0,0.0,0.0,0.0,0.0,0.0,
0.45,dro,208.88001835160247,208.88001835160247,0.0,0.0,0.0,0.0,0.0,0.0,
0.45,myopic,208.88001835160247,208.88001835160247,0.0,0.0,0.0,0.0,0.0,0.0,
0.45,nominal_dynamic,208.88001835160247,208.88001835160247,0.0,0.0,0.0,0.0,0.0,0.0,
0.5,dro,208.88001835160247,208.88001835160247,0.0,0.0,0.0,0.0,0.0,0.0,
0.5,myopic,208.88001835160247,208.88001835160247,0.0,0.0,0.0,0.0,0.0,0.0,
0.5,nominal_dynamic,208.88001835160247,208.88001835160247,0.0,0.0,0.0,0.0,0.0,0.0,
0.55,dro,208.88001835160247,208.88001835160247,0.0,0.0,0.0,0.0,0.0,0.0,
0.55,myopic,208.88001835160247,208.88001835160247,0.0,0.0,0.0,0.0,0.0,0.0,
0.55,nominal_dynamic,208.88001835160247,208.88001835160247,0.0,0.0,0.0,0.0,0.0,0.0,
0.6,dro,208.88001835160247,208.88001835160247,0.0,0.0,0.0,0.0,0.0,0.0,
0.6,myopic,208.88001835160247,208.88001835160247,0.0,0.0,0.0,0.0,0.0,0.0,
0.6,nominal_dynamic,208.88001835160247,208.88001835160247,0.0,0.0,0.0,0.0,0.0,0.0,
0.65,dro,208.88001835160247,208.88001835160247,0.0,0.0,0.0,0.0,0.0,0.0,
0.65,myopic,208.88001835160247,208.88001835160247,0.0,0.0,0.0,0.0,0.0,0.0,
0.65,nominal_dynamic,208.88001835160247,208.88001835160247,0.0,0.0,0.0,0.0,0.0,0.0,
0.7,dro,208.88001835160247,208.88001835160247,0.0,0.0,0.0,0.0,0.0,0.0,
0.7,myopic,208.88001835160247,208.88001835160247,0.0,0.0,0.0,0.0,0.0,0.0,
0.7,nominal_dynamic,208.88001835160247,208.88001835160247,0.0,0.0,0.0,0.0,0.0,0.0,
0.75,dro,208.88001835160247,208.88001835160247,0.0,0.0,0.0,0.0,0.0,0.0,
0.75,myopic,208.88001835160247,208.88001835160247,0.0,0.0,0.0,0.0,0.0,0.0,
0.75,nominal_dynamic,208.88001835160247,208.88001835160247,0.0,0.0,0.0,0.0,0.0,0.0,
0.8,dro,208.88001835160247,208.88001835160247,0.0,0.0,0.0,0.0,0.0,0.0,
0.8,myopic,208.88001835160247,208.88001835160247,0.0,0.0,0.0,0.0,0.0,0.0,
0.8,nominal_dynamic,208.88001835160247,208.88001835160247,0.0,0.0,0.0,0.0,0.0,0.0,
0.85,dro,208.88001835160247,208.88001835160247,0.0,0.0,0.0,0.0,0.0,0.0,
0.85,myopic,208.88001835160247,208.88001835160247,0.0,0.0,0.0,0.0,0.0,0.0,
0.85,nominal_dynamic,208.88001835160247,208.88001835160247,0.0,0.0,0.0,0.0,0.0,0.0,
0.9,dro,208.88001835160247,208.88001835160247,0.0,0.0,0.0,0.0,0.0,0.0,
0.9,myopic,208.88001835160247,208.88001835160247,0.0,0.0,0.0,0.0,0.0,0.0,
0.9,nominal_dynamic,208.88001835160247,208.88001835160247,0.0,0.0,0.0,0.0,0.0,0.0,
0.95,dro,208.88001835160247,208.88001835160247,0.0,0.0,0.0,0.0,0.0,0.0,
0.95,myopic,208.88001835160247,208.88001835160247,0.0,0.0,0.0,0.0,0.0,0.0,
0.95,nominal_dynamic,208.88001835160247,208.88001835160247,0.0,0.0,0.0,0.0,0.0,0.0,
1.0,dro,208.88001835160247,208.88001835160247,0.0,0.0,0.0,0.0,0.0,0.0,
1.0,myopic,208.88001835160247,208.88001835160247,0.0,0.0,0.0,0.0,0.0,0.0,
1.0,nominal_dynamic,208.88001835160247,208.88001835160247,0.0,0.0,0.0,0.0,0.0,0.0,
1.05,dro,208.88001835160247,208.88001835160247,0.0,0.0,0.0,0.0,0.0,0.0,
1.05,myopic,208.88001835160247,208.88001835160247,0.0,0.0,0.0,0.0,0.0,0.0,
1.05,nominal_dynamic,208.88001835160247,208.88001835160247,0.0,0.0,0.0,0.0,0.0,0.0,
1.1,dro,208.88001835160247,208.88001835160247,0.0,0.0,0.0,0.0,0.0,0.0,
1.1,myopic,208.88001835160247,208.88001835160247,0.0,0.0,0.0,0.0,0.0,0.0,
1.1,nominal_dynamic,208.88001835160247,208.88001835160247,0.0,0.0,0.0,0.0,0.0,0.0,
1.15,dro,208.88001835160247,208.88001835160247,0.0,0.0,0.0,0.0,0.0,0.0,
1.15,myopic,208.88001835160247,208.88001835160247,0.0,0.0,0.0,0.0,0.0,0.0,
1.15,nominal_dynamic,208.88001835160247,208.88001835160247,0.0,0.0,0.0,0.0,0.0,0.0,
1.2,dro,208.88001835160247,208.88001835160247,0.0,0.0,0.0,0.0,0.0,0.0,
1.2,myopic,208.88001835160247,208.88001835160247,0.0,0.0,0.0,0.0,0.0,0.0,
1.2,nominal_dynamic,208.88001835160247,208.88001835160247,0.0,0.0,0.0,0.0,0.0,0.0,
1.25,dro,208.88001835160247,208.88001835160247,0.0,0.0,0.0,0.0,0.0,0.0,
1.25,myopic,208.88001835160247,208.88001835160247,0.0,0.0,0.0,0.0,0.0,0.0,
1.25,nominal_dynamic,208.88001835160247,208.88001835160247,0.0,0.0,0.0,0.0,0.0,0.0,
1.3,dro,208.88001835160247,208.88001835160247,0.0,0.0,0.0,0.0,0.0,0.0,
1.3,myopic,208.88001835160247,208.88001835160247,0.0,0.0,0.0,0.0,0.0,0.0,
1.3,nominal_dynamic,208.88001835160247,208.88001835160247,0.0,0.0,0.0,0.0,0.0,0.0,
1.35,dro,208.88001835160247,208.88001835160247,0.0,0.0,0.0,0.0,0.0,0.0,
1.35,myopic,208.88001835160247,208.88001835160247,0.0,0.0,0.0,0.0,0.0,0.0,
1.35,nominal_dynamic,208.88001835160247,208.88001835160247,0.0,0.0,0.0,0.0,0.0,0.0,
1.4,dro,208.88001835160247,208.88001835160247,0.0,0.0,0.0,0.0,0.0,0.0,
1.4,myopic,208.88001835160247,208.88001835160247,0.0,0.0,0.0,0.0,0.0,0.0,
1.4,nominal_dynamic,208.88001835160247,208.88001835160247,0.0,0.0,0.0,0.0,0.0,0.0,
1.45,dro,208.88001835160247,208.88001835160247,0.0,0.0,0.0,0.0,0.0,0.0,
1.45,myopic,208.88001835160247,208.88001835160247,0.0,0.0,0.0,0.0,0.0,0.0,
1.45,nominal_dynamic,208.88001835160247,208.88001835160247,0.0,0.0,0.0,0.0,0.0,0.0,
1.5,dro,208.88001835160247,208.88001835160247,0.0,0.0,0.0,0.0,0.0,0.0,
1.5,myopic,208.88001835160247,208.88001835160247,0.0,0.0,0.0,0.0,0.0,0.0,
1.5,nominal_dynamic,208.88001835160247,208.88001835160247,0.0,0.0,0.0,0.0,0.0,0.0,
1.55,dro,208.88001835160247,208.88001835160247,0.0,0.0,0.0,0.0,0.0,0.0,
1.55,myopic,208.88001835160247,208.88001835160247,0.0,0.0,0.0,0.0,0.0,0.0,
1.55,nominal_dynamic,208.88001835160247,208.88001835160247,0.0,0.0,0.0,0.0,0.0,0.0,
1.6,dro,208.88001835160247,208.88001835160247,0.0,0.0,0.0,0.0,0.0,0.0,
1.6,myopic,208.88001835160247,208.88001835160247,0.0,0.0,0.0,0.0,0.0,0.0,
1.6,nominal_dynamic,208.88001835160247,208.88001835160247,0.0,0.0,0.0,0.0,0.0,0.0,
1.65,dro,208.88001835160247,208.88001835160247,0.0,0.0,0.0,0.0,0.0,0.0,
1.65,myopic,208.88001835160247,208.88001835160247,0.0,0.0,0.0,0.0,0.0,0.0,
1.65,nominal_dynamic,208.88001835160247,208.88001835160247,0.0,0.0,0.0,0.0,0.0,0.0,
1.7,dro,208.88001835160247,208.88001835160247,0.0,0.0,0.0,0.0,0.0,0.0,
1.7,myopic,208.88001835160247,208.88001835160247,0.0,0.0,0.0,0.0,0.0,0.0,
1.7,nominal_dynamic,208.88001835160247,208.88001835160247,0.0,0.0,0.0,0.0,0.0,0.0,
1.75,dro,208.88001835160247,208.88001835160247,0.0,0.0,0.0,0.0,0.0,0.0,
1.75,myopic,208.88001835160247,208.88001835160247,0.0,0.0,0.0,0.0,0.0,0.0,
1.75,nominal_dynamic,208.88001835160247,208.88001835160247,0.0,0.0,0.0,0.0,0.0,0.0,
1.8,dro,208.88001835160247,208.88001835160247,0.0,0.0,0.0,0.0,0.0,0.0,
1.8,myopic,208.88001835160247,208.88001835160247,0.0,0.0,0.0,0.0,0.0,0.0,
1.8,nominal_dynamic,208.88001835160247,208.88001835160247,0.0,0.0,0.0,0.0,0.0,0.0,
1.85,dro,208.88001835160247,208.88001835160247,0.0,0.0,0.0,0.0,0.0,0.0,
1.85,myopic,208.88001835160247,208.88001835160247,0.0,0.0,0.0,0.0,0.0,0.0,
1.85,nominal_dynamic,208.88001835160247,208.88001835160247,0.0,0.0,0.0,0.0,0.0,0.0,
1.9,dro,208.88001835160247,208.88001835160247,0.0,0.0,0.0,0.0,0.0,0.0,
1.9,myopic,208.88001835160247,208.88001835160247,0.0,0.0,0.0,0.0,0.0,0.0,
1.9,nominal_dynamic,208.88001835160247,208.88001835160247,0.0,0.0,0.0,0.0,0.0,0.0,
1.95,dro,208.88001835160247,208.88001835160247,0.0,0.0,0.0,0.0,0.0,0.0,
1.95,myopic,208.88001835160247,208.88001835160247,0.0,0.0,0.0,0.0,0.0,0.0,
1.95,nominal_dynamic,208.88001835160247,208.88001835160247,0.0,0.0,0.0,0.0,0.0,0.0,
2.0,dro,208.88001835160247,208.88001835160247,0.0,0.0,0.0,0.0,0.0,0.0,
2.0,myopic,208.88001835160247,208.88001835160247,0.0,0.0,0.0,0.0,0.0,0.0,
2.0,nominal_dynamic,208.88001835160247,208.88001835160247,0.0,0.0,0.0,0.0,0.0,0.0,
2.05,dro,208.88001835160247,208.88001835160247,0.0,0.0,0.0,0.0,0.0,0.0,
2.05,myopic,208.88001835160247,208.88001835160247,0.0,0.0,0.0,0.0,0.0,0.0,
2.05,nominal_dynamic,208.88001835160247,208.88001835160247,0.0,0.0,0.0,0.0,0.0,0.0,
2.1,dro,208.88001835160247,208.88001835160247,0.030514959946836062,0.13292471730533723,0.44227186416105724,0.0,0.0,0.0,
2.1,myopic,208.88001835160247,208.88001835160247,0.030514959946836062,0.13292471730533723,0.44227186416105724,0.0,0.0,0.0,
2.1,nominal_dynamic,208.88001835160247,208.88001835160247,0.030514959946836062,0.13292471730533723,0.44227186416105724,0.0,0.0,0.0,
2.15,dro,208.88001835160247,208.88001835160247,0.2944327535776005,0.8224429133577141,2.48415967164712,0.0,0.0,0.0,
2.15,myopic,208.88001835160247,208.88001835160247,0.2944327535776005,0.8224429133577141,2.48415967164712,0.0,0.0,0.0,
2.15,nominal_dynamic,208.88001835160247,208.88001835160247,0.2944327535776005,0.8224429133577141,2.48415967164712,0.0,0.0,0.0,
2.2,dro,208.88001835160247,208.88001835160247,1.2068077016994287,4.686162761375968,7.582360148350688,0.0,0.0,0.0,
2.2,myopic,204.9949833849006,196.18358517385738,5.0918426684013145,11.78237634427132,20.987643303080745,4.0,0.3,1.0,1.0
2.2,nominal_dynamic,209.1043904028045,207.5848347626231,0.9824356504974179,2.821327244142107,5.525230874495236,1.0,0.3,1.0,12.0
2.25,dro,210.22357117778003,208.60488175657127,2.2726097202116895,6.318741930935622,9.390038055957405,1.0,0.3,1.0,12.0
2.25,myopic,209.594035738027,200.5129552828331,2.9021451599646926,7.805877223640231,17.198939903191672,4.0,0.3,1.0,1.0
2.25,nominal_dynamic,210.68874126679316,202.8945309516443,1.8074396311985386,5.801302781219595,14.910406667337384,4.0,0.3,1.0,1.0
2.3,dro,211.34275195275558,209.62492875051942,4.594721512456693,10.149325321580093,13.254845237419545,1.0,0.3,1.0,12.0
2.3,myopic,214.1930880911535,204.84232539180888,1.7443853740587756,4.5592426803699295,13.410236503302599,4.0,0.3,1.0,1.0
2.3,nominal_dynamic,215.26837778488436,207.19236508999535,0.6690956803279136,2.567435434653367,11.124461776237212,4.0,0.3,1.0,1.0
2.35,dro,219.79478281901697,211.4408912082831,0.2810639241376601,0.2143055698741666,7.379309401545811,4.0,0.3,1.0,3.0
2.35,myopic,218.79214044427994,209.17169550078467,1.2837062988746677,2.659126850356225,9.729942228674702,4.0,0.3,1.0,1.0
2.35,nominal_dynamic,219.8480143029755,211.44990391680898,0.22783244017909712,0.15067236927324787,7.446926010398158,4.0,0.3,1.0,1.0
2.4,dro,224.34795962492097,215.66860859006792,0.16402153042477485,0.2187393154450774,4.558063484196481,4.0,0.3,1.0,3.0
2.4,myopic,223.39119279740643,213.50106560976045,1.1207883579393463,2.1994957632070964,6.870903994911458,4.0,0.3,1.0,1.0
2.4,nominal_dynamic,224.43988310138036,215.7074427436226,0.07209805396538249,0.06613500723636684,4.590646285423759,4.0,0.3,1.0,1.0
2.45,dro,228.9707116031037,219.92254036233095,0.08631805857773098,0.14494368428205673,1.748917523642234,4.0,0.3,1.0,1.0
2.45,myopic,227.99024515053287,217.83043571873617,1.066784511148522,2.1908859942569414,4.0118657611481865,4.0,0.3,1.0,1.0
2.45,nominal_dynamic,229.0272685648012,219.96498157043627,0.029761096880238685,0.07041818435288119,1.7343665604493594,4.0,0.3,1.0,1.0
2.5,dro,233.54652685050988,224.19361906328993,0.09088946136458637,0.16663790433432699,0.6909093505070416,4.0,0.3,1.0,1.0
2.5,myopic,232.58929750365937,222.15980582771192,1.048118808215084,2.1545119886304795,3.079317034064502,4.0,0.3,1.0,1.0
2.5,nominal_dynamic,233.61465402822196,224.22252039724992,0.02276228365247126,0.08657007504675623,0.3134767176337334,4.0,0.3,1.0,1.0
2.55,dro,238.12234209791595,228.46469776424883,0.10551560329570997,0.19147880736364953,0.66310270793835,4.0,0.3,1.0,1.0
2.55,myopic,237.1883498567858,226.48917593668767,1.039507844425907,2.2732635314601284,3.076760509762437,4.0,0.3,1.0,1.0
2.55,nominal_dynamic,238.20203949164272,228.48005922406352,0.02581820956898369,0.0986271091914985,0.3060524852853064,4.0,0.3,1.0,1.0
2.6,dro,242.75641148872725,232.7357764652078,0.06493486835867623,0.1202270799386723,0.6352960653697153,4.0,0.3,1.0,1.0
2.6,myopic,241.7874022099123,230.79607059768202,1.0339441471736337,2.2718240845725592,3.0742039854604855,4.0,0.3,1.0,1.0
2.6,nominal_dynamic,242.78942495506354,232.7375980508772,0.03192140202239467,0.11090769343673722,0.3430281310916996,4.0,0.3,1.0,1.0
2.65,dro,247.34023447143215,237.00685516616673,0.07326440670508375,0.13604329804130638,0.607489422801109,4.0,0.3,1.0,1.0
2.65,myopic,246.38645456303874,235.06638435923833,1.0270443150984956,2.2703846376850016,3.0716474611584204,4.0,0.3,1.0,1.0
2.65,nominal_dynamic,247.39072929710406,237.02200944076617,0.022769581033135422,0.10281167001246261,0.3158761953201292,4.0,0.3,1.0,1.0
2.7,dro,251.92405745413708,241.27793386712574,0.08272538980043478,0.15185951614389503,0.5796827802324458,4.0,0.3,1.0,1.0
2.7,myopic,250.98550691616518,239.3366981207947,1.0212759277723036,2.2689451907973717,3.0690909368563837,4.0,0.3,1.0,1.0
2.7,nominal_dynamic,251.98111540278774,241.29038564991143,0.025667441149740428,0.11870795739628068,0.3466120117168998,4.0,0.3,1.0,1.0
2.75,dro,256.5078804368419,245.54901256808463,0.09258427142458242,0.16767573424659735,0.5518761376637826,4.0,0.3,1.0,1.0
2.75,myopic,255.58455926929165,243.607011882351,1.0159054389749074,2.2675057439098225,3.066534412554404,4.0,0.3,1.0,1.0
2.75,nominal_dynamic,256.57150150847144,245.5587618590566,0.02896319979514279,0.13433867087690154,0.37734782811361356,4.0,0.3,1.0,1.0
2.8,dro,261.0917034195469,249.8200912690436,0.10328260287369001,0.18349195234919732,0.5240694950951479,4.0,0.3,1.0,1.0
2.8,myopic,260.1836116224181,247.87732564390734,1.0113744000024651,2.266066297022245,3.1696699095963936,4.0,0.3,1.0,1.0
2.8,nominal_dynamic,261.1618876141551,249.82713806820178,0.03309840826549495,0.15873221127918669,0.4080836445105547,4.0,0.3,1.0,1.0
2.85,dro,265.6755264022518,254.09116997000254,0.11471090739883627,0.19930817045179733,0.49626285252651314,4.0,0.3,1.0,1.0
2.85,myopic,264.78266397554455,252.14763940546368,1.007573334106057,2.2646268501346754,3.1826680168247776,4.0,0.3,1.0,1.0
2.85,nominal_dynamic,265.75227371983874,254.09551427734698,0.037963589811895515,0.17096931405989257,0.43881946090732526,4.0,0.3,1.0,1.0
2.9,dro,270.35046867314134,258.3622486709615,0.03351806938987835,0.1307874521303244,0.3737495198909073,4.0,0.3,1.0,1.0
2.9,myopic,269.381716328671,256.41795316702,1.0022704138602165,2.263187403247126,3.1956661240532753,4.0,0.3,1.0,1.0
2.9,nominal_dynamic,270.34265982552233,258.54471406425836,0.04132691700884768,0.1848805649945782,0.469555277304039,4.0,0.3,1.0,1.0
2.95,dro,274.941814595203,262.76391258439077,0.03591674621754801,0.14267868791940108,0.39821415095138946,4.0,0.3,1.0,1.0
2.95,myopic,273.9807686817975,260.68826692857635,0.9969626596231056,2.26174795635948,3.208664231281773,4.0,0.3,1.0,1.0
2.95,nominal_dynamic,274.9330459312061,262.7356820926295,0.04468541021453945,0.19647788380575548,0.5002910937008096,4.0,0.3,1.0,1.0
3.0,dro,279.5333710063757,266.9585819567169,0.040204354240752735,0.15557823306162766,0.42267878201192843,4.0,0.3,1.0,1.0
3.0,myopic,278.57982103492395,264.9585806901327,0.9937543256925092,2.260308509471927,3.2216623385103276,4.0,0.3,1.0,1.0
3.0,nominal_dynamic,279.52343203688974,266.92665012100053,0.050143323726741094,0.20858089810511937,0.5310269100976939,4.0,0.3,1.0,1.0
