event_id,store_upc,store,upc,event_week,event_date,promotion_depth,split
5,1014,8,3800000110,352,1996-06-06,0.4651162790697675,test
18,1016,8,3800000120,321,1995-11-02,0.3697183098591549,calibration
32,1017,8,3800000127,333,1996-01-25,0.2836676217765044,test
35,1017,8,3800000127,352,1996-06-06,0.28653295128939826,test
36,1017,8,3800000127,363,1996-08-22,0.4269340974212035,test
38,1017,8,3800000127,390,1997-02-27,0.14326647564469908,test
57,1038,8,3800001520,327,1995-12-14,0.05569007263922521,test
69,1041,8,3800001611,246,1994-05-26,0.3987915407854985,calibration
70,1041,8,3800001611,332,1996-01-18,0.3987915407854985,test
71,1041,8,3800001611,342,1996-03-28,0.25075528700906347,test
72,1041,8,3800001611,352,1996-06-06,0.3021148036253777,test
73,1041,8,3800001611,383,1997-01-09,0.10746268656716418,test
82,11353,70,1600066510,331,1996-01-11,0.3307392996108949,test
98,11354,70,1600066590,226,1994-01-06,0.5013698630136987,calibration
99,11354,70,1600066590,236,1994-03-17,0.5041095890410958,calibration
102,11354,70,1600066590,346,1996-04-25,0.3455497382198953,test
118,11355,70,1600066610,226,1994-01-06,0.5013698630136987,calibration
123,11355,70,1600066610,331,1996-01-11,0.33227848101265833,test
127,11355,70,1600066610,392,1997-03-13,0.09523809523809523,test
133,11501,70,3800000110,352,1996-06-06,0.4878048780487805,test
146,11502,70,3800000120,250,1994-06-23,0.2602230483271375,calibration
149,11502,70,3800000120,352,1996-06-06,0.37174721189591076,test
150,11502,70,3800000120,359,1996-07-25,0.2602230483271375,test
159,11503,70,3800000127,245,1994-05-19,0.2821316614420063,calibration
160,11503,70,3800000127,333,1996-01-25,0.24012158054711252,test
163,11503,70,3800000127,352,1996-06-06,0.336231884057971,test
164,11503,70,3800000127,363,1996-08-22,0.39209726443769,test
165,11503,70,3800000127,390,1997-02-27,0.15197568389057747,test
193,11528,70,3800001611,246,1994-05-26,0.3682539682539683,calibration
194,11528,70,3800001611,342,1996-03-28,0.2507936507936508,test
195,11528,70,3800001611,352,1996-06-06,0.31746031746031744,test
196,11528,70,3800001611,383,1997-01-09,0.050793650793650724,test
203,12618,73,1600066510,331,1996-01-11,0.33054393305439334,test
214,12619,73,1600066590,226,1994-01-06,0.5014749262536873,calibration
236,12620,73,1600066610,331,1996-01-11,0.33134328358208953,test
243,12769,73,3800000110,352,1996-06-06,0.4651162790697675,test
254,12771,73,3800000120,235,1994-03-10,0.5606694560669456,calibration
257,12771,73,3800000120,321,1995-11-02,0.3697183098591549,calibration
261,12771,73,3800000120,352,1996-06-06,0.352112676056338,test
262,12771,73,3800000120,359,1996-07-25,0.30175438596491233,test
271,12772,73,3800000127,333,1996-01-25,0.2836676217765044,test
274,12772,73,3800000127,363,1996-08-22,0.4240687679083096,test
275,12772,73,3800000127,379,1996-12-12,0.28653295128939826,test
276,12772,73,3800000127,390,1997-02-27,0.14326647564469908,test
302,12795,73,3800001611,332,1996-01-18,0.3987915407854985,test
303,12795,73,3800001611,342,1996-03-28,0.25075528700906347,test
304,12795,73,3800001611,352,1996-06-06,0.3021148036253777,test
305,12795,73,3800001611,383,1997-01-09,0.10746268656716418,test
317,13048,74,1600066510,331,1996-01-11,0.33333333333333337,test
338,13049,74,1600066590,346,1996-04-25,0.3846153846153846,test
357,13050,74,1600066610,331,1996-01-11,0.33134328358208953,test
364,13199,74,3800000110,352,1996-06-06,0.4651162790697675,test
377,13201,74,3800000120,235,1994-03-10,0.5815899581589958,calibration
379,13201,74,3800000120,321,1995-11-02,0.3697183098591549,calibration
383,13201,74,3800000120,352,1996-06-06,0.352112676056338,test
384,13201,74,3800000120,359,1996-07-25,0.3052631578947369,test
395,13202,74,3800000127,245,1994-05-19,0.30395136778115506,calibration
396,13202,74,3800000127,333,1996-01-25,0.2836676217765044,test
399,13202,74,3800000127,352,1996-06-06,0.28653295128939826,test
400,13202,74,3800000127,363,1996-08-22,0.4269340974212035,test
401,13202,74,3800000127,379,1996-12-12,0.28653295128939826,test
402,13202,74,3800000127,390,1997-02-27,0.14326647564469908,test
431,13228,74,3800001611,226,1994-01-06,0.37617554858934166,calibration
432,13228,74,3800001611,332,1996-01-18,0.3987915407854985,test
433,13228,74,3800001611,342,1996-03-28,0.25075528700906347,test
434,13228,74,3800001611,352,1996-06-06,0.3021148036253777,test
435,13228,74,3800001611,383,1997-01-09,0.10746268656716418,test
444,15164,80,1600066510,244,1994-05-12,0.4895397489539749,calibration
448,15164,80,1600066510,331,1996-01-11,0.33054393305439334,test
485,15166,80,1600066610,331,1996-01-11,0.33134328358208953,test
494,15317,80,3800000110,352,1996-06-06,0.46046511627906983,test
508,15319,80,3800000120,235,1994-03-10,0.5564853556485356,calibration
509,15319,80,3800000120,250,1994-06-23,0.29929577464788726,calibration
510,15319,80,3800000120,321,1995-11-02,0.36267605633802813,calibration
512,15319,80,3800000120,352,1996-06-06,0.352112676056338,test
525,15320,80,3800000127,245,1994-05-19,0.30395136778115506,calibration
528,15320,80,3800000127,333,1996-01-25,0.2836676217765044,test
531,15320,80,3800000127,379,1996-12-12,0.28653295128939826,test
532,15320,80,3800000127,390,1997-02-27,0.14326647564469908,test
559,15345,80,3800001611,332,1996-01-18,0.3987915407854985,test
560,15345,80,3800001611,342,1996-03-28,0.25075528700906347,test
561,15345,80,3800001611,352,1996-06-06,0.3021148036253777,test
562,15345,80,3800001611,383,1997-01-09,0.10746268656716418,test
570,20892,98,1600066510,331,1996-01-11,0.33333333333333337,test
585,20893,98,1600066590,346,1996-04-25,0.3846153846153846,test
597,20894,98,1600066610,226,1994-01-06,0.5014084507042254,calibration
600,20894,98,1600066610,331,1996-01-11,0.33134328358208953,test
605,21042,98,3800000110,352,1996-06-06,0.46046511627906983,test
612,21044,98,3800000120,321,1995-11-02,0.3697183098591549,calibration
619,21045,98,3800000127,245,1994-05-19,0.30395136778115506,calibration
620,21045,98,3800000127,333,1996-01-25,0.27507163323782247,test
623,21045,98,3800000127,352,1996-06-06,0.28653295128939826,test
624,21045,98,3800000127,363,1996-08-22,0.4269340974212035,test
625,21045,98,3800000127,379,1996-12-12,0.28939828080229235,test
626,21045,98,3800000127,390,1997-02-27,0.14613180515759316,test
647,21070,98,3800001611,332,1996-01-18,0.3987915407854985,test
648,21070,98,3800001611,342,1996-03-28,0.25075528700906347,test
649,21070,98,3800001611,352,1996-06-06,0.3021148036253777,test
650,21070,98,3800001611,383,1997-01-09,0.10746268656716418,test
659,22154,102,1600066510,331,1996-01-11,0.3319148936170213,test
660,22154,102,1600066510,355,1996-06-27,0.25106382978723407,test
672,22155,102,1600066590,226,1994-01-06,0.5015197568389058,calibration
685,22156,102,1600066610,250,1994-06-23,0.39209726443769,calibration
696,22302,102,3800000110,352,1996-06-06,0.4651162790697675,test
705,22303,102,3800000120,235,1994-03-10,0.5606694560669456,calibration
706,22303,102,3800000120,321,1995-11-02,0.3697183098591549,calibration
708,22303,102,3800000120,352,1996-06-06,0.352112676056338,test
709,22303,102,3800000120,359,1996-07-25,0.30175438596491233,test
716,22304,102,3800000127,228,1994-01-20,0.48024316109422494,calibration
717,22304,102,3800000127,333,1996-01-25,0.2836676217765044,test
719,22304,102,3800000127,379,1996-12-12,0.28653295128939826,test
720,22304,102,3800000127,390,1997-02-27,0.14326647564469908,test
740,22329,102,3800001611,332,1996-01-18,0.3987915407854985,test
741,22329,102,3800001611,342,1996-03-28,0.25075528700906347,test
742,22329,102,3800001611,352,1996-06-06,0.3021148036253777,test
743,22329,102,3800001611,383,1997-01-09,0.10746268656716418,test
749,24708,109,1600066510,251,1994-06-30,0.08679245283018866,calibration
753,24708,109,1600066510,331,1996-01-11,0.33207547169811313,test
754,24708,109,1600066510,355,1996-06-27,0.2528301886792452,test
775,24709,109,1600066590,346,1996-04-25,0.4065281899109793,test
793,24710,109,1600066610,250,1994-06-23,0.39537640782454064,calibration
798,24710,109,1600066610,331,1996-01-11,0.33141210374639773,test
808,24863,109,3800000110,352,1996-06-06,0.44843049327354256,test
822,24864,109,3800000120,321,1995-11-02,0.391156462585034,calibration
824,24864,109,3800000120,352,1996-06-06,0.34013605442176875,test
825,24864,109,3800000120,359,1996-07-25,0.3254237288135594,test
836,24865,109,3800000127,245,1994-05-19,0.32844574780058655,calibration
837,24865,109,3800000127,333,1996-01-25,0.3112947658402203,test
840,24865,109,3800000127,352,1996-06-06,0.27548209366391185,test
841,24865,109,3800000127,363,1996-08-22,0.4493150684931507,test
843,24865,109,3800000127,390,1997-02-27,0.1808219178082191,test
873,24887,109,3800001611,332,1996-01-18,0.41812865497076024,test
874,24887,109,3800001611,342,1996-03-28,0.2514619883040935,test
875,24887,109,3800001611,352,1996-06-06,0.29239766081871343,test
876,24887,109,3800001611,383,1997-01-09,0.1333333333333333,test
885,2539,18,1600066510,331,1996-01-11,0.33333333333333337,test
904,2540,18,1600066590,346,1996-04-25,0.3846153846153846,test
925,2541,18,1600066610,331,1996-01-11,0.32835820895522394,test
935,25551,111,1600066510,244,1994-05-12,0.44979919678714864,calibration
938,25551,111,1600066510,331,1996-01-11,0.33085501858736055,test
939,25551,111,1600066510,355,1996-06-27,0.25278810408921937,test
972,25553,111,1600066610,331,1996-01-11,0.33141210374639773,test
981,25692,111,3800000110,352,1996-06-06,0.44843049327354256,test
994,25693,111,3800000120,321,1995-11-02,0.391156462585034,calibration
997,25693,111,3800000120,352,1996-06-06,0.34013605442176875,test
998,25693,111,3800000120,359,1996-07-25,0.3254237288135594,test
1006,25694,111,3800000127,245,1994-05-19,0.32844574780058655,calibration
1007,25694,111,3800000127,333,1996-01-25,0.3112947658402203,test
1010,25694,111,3800000127,352,1996-06-06,0.27548209366391185,test
1011,25694,111,3800000127,363,1996-08-22,0.452054794520548,test
1012,25694,111,3800000127,379,1996-12-12,0.3178082191780821,test
1013,25694,111,3800000127,390,1997-02-27,0.1808219178082191,test
1032,25715,111,3800001611,246,1994-05-26,0.41812865497076024,calibration
1033,25715,111,3800001611,332,1996-01-18,0.41812865497076024,test
1034,25715,111,3800001611,342,1996-03-28,0.2514619883040935,test
1035,25715,111,3800001611,352,1996-06-06,0.29239766081871343,test
1036,25715,111,3800001611,383,1997-01-09,0.1333333333333333,test
1041,2679,18,3800000110,352,1996-06-06,0.4651162790697675,test
1053,2680,18,3800000120,235,1994-03-10,0.5648535564853556,calibration
1054,2680,18,3800000120,321,1995-11-02,0.3697183098591549,calibration
1056,2680,18,3800000120,352,1996-06-06,0.352112676056338,test
1057,2680,18,3800000120,359,1996-07-25,0.30175438596491233,test
1064,26804,114,1600066510,331,1996-01-11,0.34042553191489366,test
1077,26805,114,1600066590,236,1994-03-17,0.5015197568389058,calibration
1090,26806,114,1600066610,250,1994-06-23,0.3951367781155015,calibration
1095,26806,114,1600066610,331,1996-01-11,0.33134328358208953,test
1106,2681,18,3800000127,333,1996-01-25,0.2836676217765044,test
1109,2681,18,3800000127,352,1996-06-06,0.28653295128939826,test
1110,2681,18,3800000127,363,1996-08-22,0.4269340974212035,test
1111,2681,18,3800000127,379,1996-12-12,0.28653295128939826,test
1112,2681,18,3800000127,390,1997-02-27,0.14326647564469908,test
1117,26951,114,3800000110,352,1996-06-06,0.4651162790697675,test
1127,26952,114,3800000120,321,1995-11-02,0.3697183098591549,calibration
1129,26952,114,3800000120,352,1996-06-06,0.3485915492957746,test
1136,26953,114,3800000127,333,1996-01-25,0.2836676217765044,test
1139,26953,114,3800000127,352,1996-06-06,0.27793696275071633,test
1140,26953,114,3800000127,363,1996-08-22,0.4240687679083096,test
1141,26953,114,3800000127,379,1996-12-12,0.3178082191780821,test
1142,26953,114,3800000127,390,1997-02-27,0.1808219178082191,test
1161,26975,114,3800001611,342,1996-03-28,0.25075528700906347,test
1162,26975,114,3800001611,352,1996-06-06,0.3021148036253777,test
1163,26975,114,3800001611,383,1997-01-09,0.1333333333333333,test
1192,2703,18,3800001611,332,1996-01-18,0.3987915407854985,test
1193,2703,18,3800001611,342,1996-03-28,0.25075528700906347,test
1194,2703,18,3800001611,352,1996-06-06,0.3021148036253777,test
1195,2703,18,3800001611,383,1997-01-09,0.10746268656716418,test
1200,29600,122,1600066510,244,1994-05-12,0.4728033472803348,calibration
1204,29600,122,1600066510,331,1996-01-11,0.33054393305439334,test
1214,29601,122,1600066590,226,1994-01-06,0.5014749262536873,calibration
1229,29602,122,1600066610,226,1994-01-06,0.5014749262536873,calibration
1237,29753,122,3800000110,352,1996-06-06,0.4651162790697675,test
1247,29754,122,3800000120,226,1994-01-06,0.502092050209205,calibration
1248,29754,122,3800000120,321,1995-11-02,0.3697183098591549,calibration
1251,29754,122,3800000120,352,1996-06-06,0.352112676056338,test
1252,29754,122,3800000120,359,1996-07-25,0.30175438596491233,test
1263,29755,122,3800000127,352,1996-06-06,0.28653295128939826,test
1264,29755,122,3800000127,363,1996-08-22,0.4269340974212035,test
1265,29755,122,3800000127,390,1997-02-27,0.14326647564469908,test
1282,29777,122,3800001611,246,1994-05-26,0.3987915407854985,calibration
1283,29777,122,3800001611,332,1996-01-18,0.3987915407854985,test
1284,29777,122,3800001611,342,1996-03-28,0.25075528700906347,test
1285,29777,122,3800001611,352,1996-06-06,0.29909365558912393,test
1286,29777,122,3800001611,383,1997-01-09,0.10746268656716418,test
1295,30452,124,1600066510,331,1996-01-11,0.3694779116465864,test
1323,30454,124,1600066610,331,1996-01-11,0.33141210374639773,test
1332,30603,124,3800000110,352,1996-06-06,0.43497757847533636,test
1339,30605,124,3800000120,235,1994-03-10,0.5887096774193548,calibration
1341,30605,124,3800000120,321,1995-11-02,0.391156462585034,calibration
1350,30606,124,3800000127,333,1996-01-25,0.3112947658402203,test
1353,30606,124,3800000127,352,1996-06-06,0.27548209366391185,test
1354,30606,124,3800000127,379,1996-12-12,0.3178082191780821,test
1355,30606,124,3800000127,390,1997-02-27,0.1808219178082191,test
1376,30628,124,3800001611,332,1996-01-18,0.41812865497076024,test
1377,30628,124,3800001611,342,1996-03-28,0.2514619883040935,test
1378,30628,124,3800001611,352,1996-06-06,0.2894736842105262,test
1379,30628,124,3800001611,383,1997-01-09,0.1333333333333333,test
1382,31316,128,1600066510,251,1994-06-30,0.08679245283018866,calibration
1384,31316,128,1600066510,331,1996-01-11,0.33207547169811313,test
1385,31316,128,1600066510,355,1996-06-27,0.2528301886792452,test
1417,31318,128,1600066610,331,1996-01-11,0.3285302593659942,test
1422,31469,128,3800000110,235,1994-03-10,0.05263157894736836,calibration
1425,31469,128,3800000110,352,1996-06-06,0.4260089686098655,test
1433,31471,128,3800000120,235,1994-03-10,0.5564516129032258,calibration
1435,31471,128,3800000120,352,1996-06-06,0.34013605442176875,test
1440,31472,128,3800000127,245,1994-05-19,0.32844574780058655,calibration
1441,31472,128,3800000127,333,1996-01-25,0.3112947658402203,test
1444,31472,128,3800000127,352,1996-06-06,0.27548209366391185,test
1447,31472,128,3800000127,390,1997-02-27,0.1808219178082191,test
1459,31491,128,3800001520,239,1994-04-07,0.4706723891273247,calibration
1469,31494,128,3800001611,332,1996-01-18,0.41812865497076024,test
1470,31494,128,3800001611,342,1996-03-28,0.2514619883040935,test
1471,31494,128,3800001611,352,1996-06-06,0.2865497076023392,test
1472,31494,128,3800001611,383,1997-01-09,0.1333333333333333,test
1479,32997,132,1600066510,244,1994-05-12,0.48034934497816595,calibration
1483,32997,132,1600066510,331,1996-01-11,0.3318777292576419,test
1484,32997,132,1600066510,355,1996-06-27,0.2532751091703057,test
1497,32998,132,1600066590,226,1994-01-06,0.5015673981191222,calibration
1498,32998,132,1600066590,236,1994-03-17,0.5015673981191222,calibration
1513,32999,132,1600066610,250,1994-06-23,0.38769230769230767,calibration
1519,32999,132,1600066610,331,1996-01-11,0.33134328358208953,test
1526,33151,132,3800000110,352,1996-06-06,0.4651162790697675,test
1536,33153,132,3800000120,235,1994-03-10,0.5606694560669456,calibration
1538,33153,132,3800000120,321,1995-11-02,0.3697183098591549,calibration
1541,33153,132,3800000120,352,1996-06-06,0.352112676056338,test
1542,33153,132,3800000120,359,1996-07-25,0.30175438596491233,test
1549,33154,132,3800000127,333,1996-01-25,0.2836676217765044,test
1551,33154,132,3800000127,352,1996-06-06,0.28653295128939826,test
1552,33154,132,3800000127,390,1997-02-27,0.14326647564469908,test
1569,33181,132,3800001611,332,1996-01-18,0.3987915407854985,test
1570,33181,132,3800001611,342,1996-03-28,0.25075528700906347,test
1571,33181,132,3800001611,352,1996-06-06,0.3021148036253777,test
1572,33181,132,3800001611,383,1997-01-09,0.10746268656716418,test
1581,863,8,1600066510,331,1996-01-11,0.33333333333333326,test
1604,864,8,1600066590,346,1996-04-25,0.3846153846153846,test
1621,865,8,1600066610,250,1994-06-23,0.39820359281437134,calibration
1625,865,8,1600066610,331,1996-01-11,0.33134328358208953,test
